Alexandria,2012-2013,23398068,158.75,196.25
Bedford,2012-2013,621438,100.69,124.47
Bristol,2012-2013,1406050,79.43,98.19
BuenaVista,2012-2013,323632,48.20,59.59
Charlottesville,2012-2013,5061943,112.31,138.84
Chesapeake,2012-2013,13760470,60.30,74.54
ColonialHeights,2012-2013,1698228,96.35,119.11
Covington,2012-2013,641369,99.90,123.50
Danville,2012-2013,4714975,108.64,134.31
Emporia,2012-2013,516426,87.06,107.62
Fairfax,2012-2013,1496189,63.65,78.69
FallsChurch,2012-2013,2992400,230.90,285.44
Franklin,2012-2013,915510,103.58,128.05
Fredericksburg,2012-2013,2452785,94.25,116.52
Galax,2012-2013,665701,92.77,114.68
Hampton,2012-2013,13823577,99.56,123.08
Harrisonburg,2012-2013,3930139,77.27,95.53
Hopewell,2012-2013,2400230,105.07,129.89
Lexington,2012-2013,359105,48.82,60.35
Lynchburg,2012-2013,5122168,66.35,82.02
Manassas,2012-2013,4169977,104.51,129.19
ManassasPark,2012-2013,1346772,90.77,112.21
Martinsville,2012-2013,1178763,84.75,104.78
NewportNews,2012-2013,16882390,92.09,113.84
Norfolk,2012-2013,15852985,64.49,79.73
Norton,2012-2013,585998,139.76,172.77
Petersburg,2012-2013,2904103,87.71,108.43
Poquoson,2012-2013,1544810,125.69,155.38
Portsmouth,2012-2013,6936294,71.18,87.99
Radford,2012-2013,996213,59.60,73.68
Richmond,2012-2013,13730031,65.75,81.28
Roanoke,2012-2013,13163818,133.45,164.98
Salem,2012-2013,2689814,106.46,131.61
Staunton,2012-2013,1961181,80.01,98.91
Suffolk,2012-2013,6921153,80.05,98.96
VirginiaBeach,2012-2013,21765728,48.64,60.13
Waynesboro,2012-2013,1956791,91.53,113.16
Williamsburg,2012-2013,679848,46.88,57.95
Winchester,2012-2013,1959746,72.03,89.04
Accomack,2012-2013,2486025,74.16,99.25
Albemarle,2012-2013,8669918,85.35,114.24
Alleghany,2012-2013,1984448,124.52,166.65
Amelia,2012-2013,1090803,85.75,114.77
Amherst,2012-2013,1938825,59.60,79.76
Appomattox,2012-2013,958491,63.12,84.48
Arlington,2012-2013,21766723,98.69,132.08
Augusta,2012-2013,3937350,53.34,71.39
Bath,2012-2013,390315,81.78,109.45
Bedford,2012-2013,3238782,46.51,62.25
Bland,2012-2013,511765,75.63,101.22
Botetourt,2012-2013,2181972,65.54,87.71
Brunswick,2012-2013,727389,41.82,55.97
Buchanan,2012-2013,1725552,71.93,96.27
Buckingham,2012-2013,1064137,61.53,82.34
Campbell,2012-2013,3746824,68.09,91.13
Caroline,2012-2013,1149295,39.47,52.83
Carroll,2012-2013,1641131,54.75,73.27
CharlesCity,2012-2013,771316,107.43,143.78
Charlotte,2012-2013,1028262,81.87,109.57
Chesterfield,2012-2013,22466964,69.69,93.27
Clarke,2012-2013,1256181,87.99,117.77
Craig,2012-2013,512249,97.42,130.39
Culpeper,2012-2013,2934482,61.48,82.28
Cumberland,2012-2013,1076199,106.08,141.98
Dickenson,2012-2013,1882317,119.53,159.98
Dinwiddie,2012-2013,1681297,59.38,79.47
Essex,2012-2013,932447,83.24,111.40
Fairfax,2012-2013,84343899,75.83,101.48
Fauquier,2012-2013,4537315,68.61,91.83
Floyd,2012-2013,690312,44.42,59.44
Fluvanna,2012-2013,1445196,55.51,74.30
Franklin,2012-2013,2640531,46.64,62.42
Frederick,2012-2013,5670075,70.77,94.72
Giles,2012-2013,1009474,57.73,77.26
Gloucester,2012-2013,2276182,61.56,82.39
Goochland,2012-2013,1203222,56.84,76.07
Grayson,2012-2013,812958,52.85,70.74
Greene,2012-2013,1387088,73.56,98.45
Greensville,2012-2013,517046,42.60,57.02
Halifax,2012-2013,2356072,65.01,87.01
Hanover,2012-2013,8964537,88.47,118.41
Henrico,2012-2013,13126725,41.69,55.79
Henry,2012-2013,2604130,48.32,64.68
Highland,2012-2013,168580,73.68,98.61
IsleofWight,2012-2013,2544332,70.32,94.12
JamesCity,2012-2013,6130745,88.15,117.98
King&Queen,2012-2013,797754,107.41,143.76
KingGeorge,2012-2013,899111,37.55,50.25
KingWilliam,2012-2013,1309851,81.79,109.47
Lancaster,2012-2013,752670,66.26,88.68
Lee,2012-2013,1996174,77.66,103.93
Loudoun,2012-2013,52888383,158.70,212.40
Louisa,2012-2013,2310597,68.55,91.74
Lunenburg,2012-2013,706579,54.69,73.20
Madison,2012-2013,849064,63.02,84.35
Mathews,2012-2013,802406,90.33,120.90
Mecklenburg,2012-2013,1459846,45.37,60.73
Middlesex,2012-2013,1470614,133.58,178.78
Montgomery,2012-2013,2875148,30.07,40.24
Nelson,2012-2013,1223835,81.17,108.63
NewKent,2012-2013,1990529,103.37,138.34
Northampton,2012-2013,1878301,150.98,202.06
Northumberland,2012-2013,723221,58.02,77.65
Nottoway,2012-2013,987761,62.30,83.38
Orange,2012-2013,1810913,53.26,71.29
Page,2012-2013,1682533,69.48,92.99
Patrick,2012-2013,1133875,60.66,81.19
Pittsylvania,2012-2013,3086433,48.89,65.44
Powhatan,2012-2013,1939784,68.32,91.43
PrinceEdward,2012-2013,1515645,64.83,86.76
PrinceGeorge,2012-2013,2792319,77.75,104.06
PrinceWilliam,2012-2013,35539000,84.38,112.94
Pulaski,2012-2013,2388294,69.03,92.38
Rappahannock,2012-2013,784006,105.14,140.71
Richmond,2012-2013,734238,78.81,105.47
Roanoke,2012-2013,4230149,45.36,60.71
Rockbridge,2012-2013,1234306,55.88,74.78
Rockingham,2012-2013,4640523,59.84,80.09
Russell,2012-2013,1502698,52.01,69.61
Scott,2012-2013,1377609,58.76,78.64
Shenandoah,2012-2013,2185402,51.05,68.32
Smyth,2012-2013,1572654,48.97,65.55
Southampton,2012-2013,1545796,82.76,110.76
Spotsylvania,2012-2013,9021686,72.45,96.96
Stafford,2012-2013,10422301,78.53,105.10
Surry,2012-2013,835210,120.57,161.37
Sussex,2012-2013,896190,73.83,98.81
Tazewell,2012-2013,1927825,43.13,57.73
Warren,2012-2013,1947467,51.15,68.45
Washington,2012-2013,2795368,50.39,67.44
Westmoreland,2012-2013,1253539,70.81,94.77
Wise,2012-2013,2568036,62.95,84.25
Wythe,2012-2013,1069805,36.19,48.43
York,2012-2013,7098224,106.86,143.01
Alexandria,2011-2012,18584977,129.54,160.28
Bedford,2011-2012,588576,95.91,118.66
Bristol,2011-2012,1275463,71.74,88.76
BuenaVista,2011-2012,402551,58.50,72.38
Charlottesville,2011-2012,4913675,110.49,136.71
Chesapeake,2011-2012,14934803,66.11,81.80
ColonialHeights,2011-2012,1638671,93.34,115.49
Covington,2011-2012,609895,100.11,123.87
Danville,2011-2012,4620243,106.62,131.92
Emporia,2011-2012,530907,89.29,110.47
Fairfax,2011-2012,2170535,94.92,117.45
FallsChurch,2011-2012,3130814,249.13,308.24
Franklin,2011-2012,840580,96.84,119.82
Fredericksburg,2011-2012,2265113,88.88,109.97
Galax,2011-2012,593157,83.25,103.00
Hampton,2011-2012,20313777,147.87,182.96
Harrisonburg,2011-2012,3767164,75.26,93.11
Hopewell,2011-2012,2081746,91.39,113.07
Lexington,2011-2012,342821,47.63,58.94
Lynchburg,2011-2012,4578897,59.90,74.11
Manassas,2011-2012,4607800,117.97,145.96
ManassasPark,2011-2012,4010847,275.85,341.30
Martinsville,2011-2012,1366874,98.32,121.65
NewportNews,2011-2012,15934147,88.02,108.91
Norfolk,2011-2012,11979696,49.10,60.75
Norton,2011-2012,587251,143.27,177.26
Petersburg,2011-2012,2783705,84.49,104.53
Poquoson,2011-2012,1384041,113.08,139.90
Portsmouth,2011-2012,7641706,79.30,98.11
Radford,2011-2012,965448,58.40,72.26
Richmond,2011-2012,15179824,73.60,91.07
Roanoke,2011-2012,11255775,115.79,143.27
Salem,2011-2012,2405032,96.32,119.17
Staunton,2011-2012,2345947,96.85,119.83
Suffolk,2011-2012,5312121,61.99,76.70
VirginiaBeach,2011-2012,20458232,46.36,57.37
Waynesboro,2011-2012,1941236,92.01,113.84
Williamsburg,2011-2012,652508,45.77,56.63
Winchester,2011-2012,1762070,67.34,83.32
Accomack,2011-2012,2555580,76.66,108.53
Albemarle,2011-2012,8289201,82.25,116.44
Alleghany,2011-2012,1411093,87.21,123.47
Amelia,2011-2012,1177441,91.69,129.81
Amherst,2011-2012,1925810,59.26,83.90
Appomattox,2011-2012,945792,62.96,89.14
Arlington,2011-2012,19446158,90.71,128.42
Augusta,2011-2012,3790509,51.37,72.72
Bath,2011-2012,380094,79.24,112.17
Bedford,2011-2012,3224111,46.47,65.79
Bland,2011-2012,468193,69.38,98.22
Botetourt,2011-2012,2052228,61.45,86.99
Brunswick,2011-2012,705707,40.56,57.42
Buchanan,2011-2012,1746830,72.77,103.01
Buckingham,2011-2012,1114582,65.02,92.04
Campbell,2011-2012,3601625,65.77,93.11
Caroline,2011-2012,1016457,35.26,49.92
Carroll,2011-2012,1589730,53.44,75.65
CharlesCity,2011-2012,769473,105.55,149.43
Charlotte,2011-2012,1246562,99.21,140.45
Chesterfield,2011-2012,21064725,65.90,93.30
Clarke,2011-2012,1324186,93.18,131.91
Craig,2011-2012,522472,99.69,141.13
Culpeper,2011-2012,3029807,64.27,90.98
Cumberland,2011-2012,1001374,99.15,140.36
Dickenson,2011-2012,1784493,113.21,160.28
Dinwiddie,2011-2012,1893340,67.58,95.67
Essex,2011-2012,1055360,93.50,132.37
Fairfax,2011-2012,78955468,72.04,101.98
Fauquier,2011-2012,4468041,67.92,96.16
Floyd,2011-2012,713888,46.10,65.27
Fluvanna,2011-2012,1258553,48.43,68.56
Franklin,2011-2012,2203616,39.14,55.41
Frederick,2011-2012,5239701,66.19,93.71
Giles,2011-2012,840958,48.67,68.90
Gloucester,2011-2012,2228367,60.25,85.29
Goochland,2011-2012,1195950,54.98,77.83
Grayson,2011-2012,750356,48.50,68.67
Greene,2011-2012,1284082,67.43,95.47
Greensville,2011-2012,517902,42.69,60.44
Halifax,2011-2012,2056218,56.83,80.45
Hanover,2011-2012,8909127,88.47,125.24
Henrico,2011-2012,13633247,43.87,62.11
Henry,2011-2012,2433994,45.19,63.97
Highland,2011-2012,152251,66.34,93.92
IsleofWight,2011-2012,2064872,58.24,82.44
JamesCity,2011-2012,6287819,91.29,129.24
King&Queen,2011-2012,683508,96.97,137.27
KingGeorge,2011-2012,932882,39.98,56.60
KingWilliam,2011-2012,1249074,77.30,109.43
Lancaster,2011-2012,944194,82.37,116.61
Lee,2011-2012,2182652,85.01,120.34
Loudoun,2011-2012,42536758,131.15,185.67
Louisa,2011-2012,2096666,62.67,88.72
Lunenburg,2011-2012,754550,58.19,82.38
Madison,2011-2012,770033,57.36,81.21
Mathews,2011-2012,765910,85.70,121.33
Mecklenburg,2011-2012,1490703,45.26,64.08
Middlesex,2011-2012,714253,64.55,91.38
Montgomery,2011-2012,3156664,33.23,47.04
Nelson,2011-2012,1177996,78.05,110.50
NewKent,2011-2012,2022061,107.40,152.05
Northampton,2011-2012,1852364,148.99,210.92
Northumberland,2011-2012,634648,50.98,72.17
Nottoway,2011-2012,1071892,67.38,95.40
Orange,2011-2012,1502071,44.55,63.07
Page,2011-2012,1758212,72.79,103.05
Patrick,2011-2012,1043355,55.99,79.26
Pittsylvania,2011-2012,3207689,50.93,72.10
Powhatan,2011-2012,1967955,69.56,98.48
PrinceEdward,2011-2012,2007068,85.34,120.82
PrinceGeorge,2011-2012,2894692,80.79,114.38
PrinceWilliam,2011-2012,33714000,81.33,115.14
Pulaski,2011-2012,1562157,45.10,63.85
Rappahannock,2011-2012,747707,100.91,142.85
Richmond,2011-2012,690618,74.77,105.85
Roanoke,2011-2012,4860517,52.44,74.24
Rockbridge,2011-2012,1096114,49.47,70.04
Rockingham,2011-2012,4525863,58.55,82.89
Russell,2011-2012,1338724,46.14,65.32
Scott,2011-2012,1254262,53.89,76.29
Shenandoah,2011-2012,2021086,47.99,67.94
Smyth,2011-2012,1431598,44.59,63.13
Southampton,2011-2012,1536882,82.12,116.26
Spotsylvania,2011-2012,9099292,73.38,103.89
Stafford,2011-2012,10004623,76.33,108.06
Surry,2011-2012,785086,112.67,159.51
Sussex,2011-2012,780221,64.72,91.62
Tazewell,2011-2012,1985765,43.86,62.09
Warren,2011-2012,1739655,46.16,65.35
Washington,2011-2012,2499460,45.30,64.13
Westmoreland,2011-2012,1162027,66.55,94.22
Wise,2011-2012,2026617,49.40,69.93
Wythe,2011-2012,1028806,35.00,49.56
York,2011-2012,6825956,103.47,146.48
Alexandria,2010-2011,17361081,124.04,167.09
Bedford,2010-2011,596843,95.92,129.22
Bristol,2010-2011,1371613,76.91,103.60
BuenaVista,2010-2011,391368,58.85,79.28
Charlottesville,2010-2011,4423568,101.75,137.07
Chesapeake,2010-2011,14816127,66.68,89.82
ColonialHeights,2010-2011,1560293,89.62,120.72
Covington,2010-2011,556477,93.35,125.76
Danville,2010-2011,3774703,87.67,118.10
Emporia,2010-2011,430259,72.59,97.79
Fairfax,2010-2011,2014492,89.28,120.26
FallsChurch,2010-2011,3046751,247.06,332.82
Franklin,2010-2011,808178,94.17,126.86
Fredericksburg,2010-2011,3234131,133.17,179.39
Galax,2010-2011,560640,79.61,107.25
Hampton,2010-2011,9509396,69.19,93.21
Harrisonburg,2010-2011,3140541,64.21,86.49
Hopewell,2010-2011,2094846,92.73,124.92
Lexington,2010-2011,368084,52.27,70.41
Lynchburg,2010-2011,4579726,60.60,81.64
Manassas,2010-2011,3740449,98.90,133.23
ManassasPark,2010-2011,1086846,76.15,102.58
Martinsville,2010-2011,1623300,117.45,158.22
NewportNews,2010-2011,16833481,93.15,125.48
Norfolk,2010-2011,11989795,49.38,66.52
Norton,2010-2011,608890,153.84,207.24
Petersburg,2010-2011,2934013,90.50,121.91
Poquoson,2010-2011,1208442,99.46,133.99
Portsmouth,2010-2011,8171430,85.53,115.22
Radford,2010-2011,953787,58.13,78.31
Richmond,2010-2011,14458224,70.80,95.38
Roanoke,2010-2011,10547723,108.70,146.44
Salem,2010-2011,2321049,93.58,126.07
Staunton,2010-2011,1997526,84.12,113.32
Suffolk,2010-2011,5606032,66.28,89.28
VirginiaBeach,2010-2011,19493781,44.51,59.96
Waynesboro,2010-2011,1896922,90.30,121.65
Williamsburg,2010-2011,604330,42.96,57.87
Winchester,2010-2011,1794257,68.48,92.24
Accomack,2010-2011,2084254,62.85,89.67
Albemarle,2010-2011,8498664,85.87,122.53
Alleghany,2010-2011,1511160,92.99,132.69
Amelia,2010-2011,1100813,86.75,123.77
Amherst,2010-2011,1884080,58.24,83.09
Appomattox,2010-2011,1133555,75.71,108.02
Arlington,2010-2011,19214273,92.54,132.04
Augusta,2010-2011,3650332,49.50,70.62
Bath,2010-2011,368821,77.96,111.24
Bedford,2010-2011,3200508,46.60,66.50
Bland,2010-2011,434095,63.61,90.77
Botetourt,2010-2011,1724709,52.03,74.24
Brunswick,2010-2011,825253,47.34,67.54
Buchanan,2010-2011,1596486,66.25,94.53
Buckingham,2010-2011,1006461,58.70,83.76
Campbell,2010-2011,3666265,66.85,95.39
Caroline,2010-2011,1011259,35.43,50.55
Carroll,2010-2011,1481589,49.32,70.37
CharlesCity,2010-2011,744875,102.66,146.48
Charlotte,2010-2011,798173,63.42,90.49
Chesterfield,2010-2011,20540657,64.95,92.68
Clarke,2010-2011,1399282,99.71,142.27
Craig,2010-2011,443298,85.41,121.87
Culpeper,2010-2011,3065694,65.66,93.69
Cumberland,2010-2011,829115,82.48,117.69
Dickenson,2010-2011,1677885,105.51,150.54
Dinwiddie,2010-2011,4175410,149.12,212.77
Essex,2010-2011,893164,80.10,114.29
Fairfax,2010-2011,76481830,70.70,100.88
Fauquier,2010-2011,4545791,69.72,99.48
Floyd,2010-2011,785478,51.41,73.35
Fluvanna,2010-2011,1211330,47.15,67.28
Franklin,2010-2011,2221861,39.56,56.45
Frederick,2010-2011,5048484,64.47,91.99
Giles,2010-2011,795342,46.01,65.65
Gloucester,2010-2011,1215875,32.99,47.07
Goochland,2010-2011,1034088,47.62,67.94
Grayson,2010-2011,777504,50.05,71.42
Greene,2010-2011,1304837,70.90,101.17
Greensville,2010-2011,574315,46.91,66.93
Halifax,2010-2011,2517040,69.45,99.10
Hanover,2010-2011,8877419,88.90,126.84
Henrico,2010-2011,15231187,49.62,70.81
Henry,2010-2011,2276146,42.03,59.98
Highland,,135253,58.27,83.15
IsleofWight,2010-2011,1790707,50.77,72.44
JamesCity,2010-2011,6143017,91.67,130.81
King&Queen,2010-2011,680552,97.99,139.82
KingGeorge,2010-2011,1059998,44.95,64.13
KingWilliam,2010-2011,1228244,77.08,109.98
Lancaster,2010-2011,727871,63.90,91.17
Lee,2010-2011,2049733,80.11,114.30
Loudoun,2010-2011,38057824,121.86,173.87
Louisa,2010-2011,1734846,52.33,74.67
Lunenburg,2010-2011,679841,52.64,75.11
Madison,2010-2011,750307,56.38,80.45
Mathews,2010-2011,742924,82.75,118.07
Mecklenburg,2010-2011,1507638,46.07,65.73
Middlesex,2010-2011,374522,34.17,48.76
Montgomery,2010-2011,3608237,38.23,54.54
Nelson,2010-2011,1159411,77.19,110.14
NewKent,2010-2011,1719528,93.31,133.13
Northampton,2010-2011,1958851,158.11,225.60
Northumberland,2010-2011,559098,45.34,64.70
Nottoway,2010-2011,1235755,77.95,111.22
Orange,2010-2011,1640971,49.01,69.93
Page,2010-2011,1511500,62.87,89.71
Patrick,2010-2011,989534,53.52,76.36
Pittsylvania,2010-2011,3079723,48.49,69.20
Powhatan,2010-2011,2067916,73.73,105.21
PrinceEdward,2010-2011,1751033,74.93,106.92
PrinceGeorge,2010-2011,2780149,77.82,111.04
PrinceWilliam,2010-2011,31928000,79.42,113.32
Pulaski,2010-2011,2943778,84.42,120.45
Rappahannock,2010-2011,780654,105.88,151.08
Richmond,2010-2011,671745,72.59,103.57
Roanoke,2010-2011,4507944,48.80,69.63
Rockbridge,2010-2011,1267641,56.83,81.08
Rockingham,2010-2011,4483046,58.74,83.82
Russell,2010-2011,253053,8.76,12.50
Scott,2010-2011,1476382,63.70,90.89
Shenandoah,2010-2011,2166888,51.60,73.63
Smyth,2010-2011,1558284,48.38,69.03
Southampton,2010-2011,1497493,80.64,115.06
Spotsylvania,2010-2011,9033487,73.80,105.31
Stafford,2010-2011,9694179,75.17,107.26
Surry,2010-2011,835533,118.38,168.91
Sussex,2010-2011,3193215,264.19,376.95
Tazewell,2010-2011,1827576,40.54,57.85
Warren,2010-2011,1622432,43.18,61.61
Washington,2010-2011,2648585,48.26,68.87
Westmoreland,2010-2011,1094356,62.70,89.46
Wise,2010-2011,1872972,45.18,64.47
Wythe,2010-2011,921585,31.52,44.98
York,2010-2011,6572553,100.40,143.26
Alexandria,2009-2010,18788382,132.56,162.97
Bedford,2009-2010,604893,99.43,122.24
Bristol,2009-2010,1234030,69.35,85.26
BuenaVista,2009-2010,427838,65.29,80.27
Charlottesville,2009-2010,4338078,107.60,132.28
Chesapeake,2009-2010,15728048,71.50,87.91
ColonialHeights,2009-2010,1567026,88.84,109.23
Covington,2009-2010,497653,83.54,102.71
Danville,2009-2010,6079235,134.40,165.24
Emporia,2009-2010,442148,75.44,92.75
Fairfax,2009-2010,2008150,81.30,99.95
FallsChurch,2009-2010,3181210,271.64,333.96
Franklin,2009-2010,867613,103.75,127.56
Fredericksburg,2009-2010,3258385,142.28,174.92
Galax,2009-2010,605403,89.06,109.49
Hampton,2009-2010,10058695,69.49,85.43
Harrisonburg,2009-2010,2810762,59.94,73.69
Hopewell,2009-2010,1911528,81.95,100.75
Lexington,2009-2010,384254,52.77,64.87
Lynchburg,2009-2010,4696245,64.89,79.78
Manassas,2009-2010,4262921,117.72,144.72
ManassasPark,2009-2010,1849232,131.84,162.09
Martinsville,2009-2010,5218774,351.64,432.31
NewportNews,2009-2010,19471985,106.64,131.11
Norfolk,2009-2010,13204771,55.54,68.28
Norton,2009-2010,652394,160.93,197.85
Petersburg,2009-2010,3293815,107.95,132.71
Poquoson,2009-2010,1190385,100.19,123.18
Portsmouth,2009-2010,8844786,90.14,110.82
Radford,2009-2010,973406,64.29,79.03
Richmond,2009-2010,14347564,72.43,89.04
Roanoke,2009-2010,11458820,122.81,150.99
Salem,2009-2010,2372517,94.29,115.92
Staunton,2009-2010,1910804,81.40,100.08
Suffolk,2009-2010,5333012,64.25,78.99
VirginiaBeach,2009-2010,20131072,46.34,56.97
Waynesboro,2009-2010,1911177,92.27,113.44
Williamsburg,2009-2010,496492,36.58,44.98
Winchester,2009-2010,2013579,76.32,93.83
Accomack,2009-2010,2162858,54.65,76.53
Albemarle,2009-2010,9274082,97.37,136.36
Alleghany,2009-2010,1579743,93.56,131.02
Amelia,2009-2010,1093785,83.19,116.50
Amherst,2009-2010,2075404,63.20,88.51
Appomattox,2009-2010,1093729,74.66,104.56
Arlington,2009-2010,19448344,91.72,128.45
Augusta,2009-2010,3569487,49.50,69.32
Bath,2009-2010,380849,80.26,112.39
Bedford,2009-2010,3105261,46.45,65.04
Bland,2009-2010,509676,71.57,100.23
Botetourt,2009-2010,1891625,56.81,79.55
Brunswick,2009-2010,718476,38.83,54.37
Buchanan,2009-2010,1741568,70.82,99.18
Buckingham,2009-2010,1067141,63.47,88.88
Campbell,2009-2010,3292367,61.84,86.61
Caroline,2009-2010,1137023,40.26,56.37
Carroll,2009-2010,1534078,50.63,70.90
CharlesCity,2009-2010,832086,119.00,166.65
Charlotte,2009-2010,840917,66.36,92.93
Chesterfield,2009-2010,20644576,67.12,93.99
Clarke,2009-2010,1282211,88.60,124.08
Craig,2009-2010,442991,85.02,119.06
Culpeper,2009-2010,3021850,63.04,88.28
Cumberland,2009-2010,1129821,113.04,158.30
Dickenson,2009-2010,1671182,101.41,142.02
Dinwiddie,2009-2010,1725765,63.43,88.82
Essex,2009-2010,1223397,111.19,155.71
Fairfax,2009-2010,75423664,72.77,101.91
Fauquier,2009-2010,4445640,65.66,91.96
Floyd,2009-2010,827369,53.66,75.15
Fluvanna,2009-2010,1337038,50.17,70.25
Franklin,2009-2010,2373770,44.41,62.19
Frederick,2009-2010,5244038,69.60,97.47
Giles,2009-2010,909089,54.61,76.47
Gloucester,2009-2010,2228987,60.82,85.18
Goochland,2009-2010,845298,39.42,55.21
Grayson,2009-2010,904572,55.69,77.99
Greene,2009-2010,1301503,71.86,100.63
Greensville,2009-2010,634162,50.94,71.33
Halifax,2009-2010,2144920,59.45,83.25
Hanover,2009-2010,9220747,93.49,130.93
Henrico,2009-2010,15944811,53.78,75.31
Henry,2009-2010,2563700,47.66,66.74
Highland,2009-2010,131564,57.89,81.07
IsleofWight,2009-2010,2388423,68.29,95.63
JamesCity,2009-2010,6179667,97.02,135.87
King&Queen,2009-2010,755514,113.18,158.50
KingGeorge,2009-2010,1045962,43.78,61.31
KingWilliam,2009-2010,1255129,77.55,108.61
Lancaster,2009-2010,719986,61.07,85.52
Lee,2009-2010,2167743,84.69,118.61
Loudoun,2009-2010,31399830,105.33,147.50
Louisa,2009-2010,1729396,52.52,73.55
Lunenburg,2009-2010,656119,49.45,69.25
Madison,2009-2010,734325,52.64,73.72
Mathews,2009-2010,770791,81.12,113.61
Mecklenburg,2009-2010,1495263,46.29,64.82
Middlesex,2009-2010,1750703,168.15,235.48
Montgomery,2009-2010,3248442,35.54,49.77
Nelson,2009-2010,1227677,79.11,110.79
NewKent,2009-2010,1841512,103.12,144.42
Northampton,2009-2010,2158482,161.32,225.91
Northumberland,2009-2010,559984,41.79,58.52
Nottoway,2009-2010,994477,62.57,87.63
Orange,2009-2010,1478493,43.63,61.10
Page,2009-2010,1684549,69.68,97.58
Patrick,2009-2010,1045453,53.70,75.20
Pittsylvania,2009-2010,3111957,49.62,69.49
Powhatan,2009-2010,2344756,83.43,116.83
PrinceEdward,2009-2010,1538657,71.55,100.20
PrinceGeorge,2009-2010,2959344,77.08,107.94
PrinceWilliam,2009-2010,32992000,85.27,119.41
Pulaski,2009-2010,3352857,98.13,137.43
Rappahannock,2009-2010,757630,107.22,150.15
Richmond,2009-2010,637731,65.09,91.16
Roanoke,2009-2010,5262637,56.59,79.25
Rockbridge,2009-2010,1200071,54.78,76.72
Rockingham,2009-2010,4479263,58.97,82.58
Russell,2009-2010,768452,26.10,36.55
Scott,2009-2010,1385055,57.00,79.83
Shenandoah,2009-2010,2918423,70.26,98.40
Smyth,2009-2010,1687772,52.59,73.65
Southampton,2009-2010,1547183,83.09,116.36
Spotsylvania,2009-2010,8885043,72.94,102.15
Stafford,2009-2010,11668649,92.69,129.80
Surry,2009-2010,830747,115.96,162.40
Sussex,2009-2010,745815,61.06,85.51
Tazewell,2009-2010,1941586,43.59,61.05
Warren,2009-2010,1694282,46.45,65.05
Washington,2009-2010,2763070,50.75,71.07
Westmoreland,2009-2010,1155283,65.96,92.37
Wise,2009-2010,2057218,49.41,69.19
Wythe,2009-2010,983319,35.08,49.13
York,2009-2010,6749788,102.33,143.30
Alexandria,2008-2009,17590591,124.11,148.33
Bedford,2008-2009,687164,112.96,135.00
Bristol,2008-2009,1310611,73.66,88.03
BuenaVista,2008-2009,433139,66.10,79.00
Charlottesville,2008-2009,4441745,110.17,131.67
Chesapeake,2008-2009,14024485,63.76,76.20
ColonialHeights,2008-2009,1601316,90.79,108.51
Covington,2008-2009,280265,47.05,56.23
Danville,2008-2009,5404282,119.48,142.80
Emporia,2008-2009,417971,71.31,85.23
Fairfax,2008-2009,2098294,84.95,101.53
FallsChurch,2008-2009,3488140,297.85,355.98
Franklin,2008-2009,846638,101.25,121.01
Fredericksburg,2008-2009,3284710,143.43,171.42
Galax,2008-2009,628014,92.38,110.41
Hampton,2008-2009,11310598,78.14,93.39
Harrisonburg,2008-2009,3253116,69.37,82.91
Hopewell,2008-2009,1966628,84.31,100.77
Lexington,2008-2009,383385,52.65,62.92
Lynchburg,2008-2009,5438788,75.15,89.82
Manassas,2008-2009,4293633,118.56,141.71
ManassasPark,2008-2009,2023748,144.28,172.44
Martinsville,2008-2009,5512812,371.45,443.94
NewportNews,2008-2009,20768669,113.74,135.94
Norfolk,2008-2009,13369998,56.23,67.21
Norton,2008-2009,614518,151.58,181.17
Petersburg,2008-2009,3202386,104.95,125.43
Poquoson,2008-2009,1329794,111.93,133.77
Portsmouth,2008-2009,9203758,93.80,112.10
Radford,2008-2009,1022680,67.54,80.72
Richmond,2008-2009,15285303,77.16,92.22
Roanoke,2008-2009,11512862,123.39,147.47
Salem,2008-2009,2421009,96.21,114.99
Staunton,2008-2009,2112271,89.99,107.55
Suffolk,2008-2009,7489231,90.23,107.84
VirginiaBeach,2008-2009,20123437,46.32,55.36
Waynesboro,2008-2009,1972834,95.25,113.84
Williamsburg,2008-2009,612065,45.10,53.90
Winchester,2008-2009,2352026,89.15,106.55
Accomack,2008-2009,2292476,57.92,78.41
Albemarle,2008-2009,11161690,117.19,158.65
Alleghany,2008-2009,1988286,117.76,159.42
Amelia,2008-2009,1110342,84.45,114.33
Amherst,2008-2009,2036550,62.02,83.96
Appomattox,2008-2009,1377329,94.02,127.29
Arlington,2008-2009,22598334,106.58,144.28
Augusta,2008-2009,3604069,49.98,67.66
Bath,2008-2009,394087,83.05,112.43
Bedford,2008-2009,3271273,48.93,66.24
Bland,2008-2009,516726,72.56,98.23
Botetourt,2008-2009,1939848,58.25,78.86
Brunswick,2008-2009,730651,39.48,53.45
Buchanan,2008-2009,1562206,63.53,86.00
Buckingham,2008-2009,991664,58.98,79.84
Campbell,2008-2009,3363525,63.18,85.53
Caroline,2008-2009,1439357,50.96,68.99
Carroll,2008-2009,1560177,51.49,69.71
CharlesCity,2008-2009,771886,110.39,149.45
Charlotte,2008-2009,914418,72.16,97.69
Chesterfield,2008-2009,20741936,67.43,91.29
Clarke,2008-2009,1264665,87.39,118.31
Craig,2008-2009,419783,80.56,109.07
Culpeper,2008-2009,3463452,72.25,97.81
Cumberland,2008-2009,1000101,100.06,135.46
Dickenson,2008-2009,1478457,89.72,121.46
Dinwiddie,2008-2009,1935314,71.13,96.29
Essex,2008-2009,1348659,122.57,165.94
Fairfax,2008-2009,77920235,75.18,101.78
Fauquier,2008-2009,4565625,67.44,91.30
Floyd,2008-2009,814732,52.84,71.54
Fluvanna,2008-2009,1339017,50.24,68.02
Franklin,2008-2009,2447117,45.78,61.98
Frederick,2008-2009,5187300,68.85,93.21
Giles,2008-2009,813809,48.88,66.18
Gloucester,2008-2009,2169130,59.19,80.13
Goochland,2008-2009,886296,41.34,55.96
Grayson,2008-2009,916017,56.39,76.35
Greene,2008-2009,1373213,75.82,102.64
Greensville,2008-2009,603213,48.45,65.59
Halifax,2008-2009,2675798,74.16,100.40
Hanover,2008-2009,9591534,97.25,131.66
Henrico,2008-2009,16876453,56.92,77.06
Henry,2008-2009,2567606,47.73,64.62
Highland,2008-2009,136858,60.22,81.53
IsleofWight,2008-2009,2018560,57.71,78.13
JamesCity,2008-2009,6629447,104.08,140.90
King&Queen,2008-2009,795752,119.21,161.38
KingGeorge,2008-2009,1080197,45.21,61.21
KingWilliam,2008-2009,1234473,76.28,103.26
Lancaster,2008-2009,721873,61.23,82.89
Lee,2008-2009,1759165,68.73,93.05
Loudoun,2008-2009,30561335,102.52,138.79
Louisa,2008-2009,1740618,52.86,71.57
Lunenburg,2008-2009,727947,54.87,74.28
Madison,2008-2009,724729,51.95,70.33
Mathews,2008-2009,858878,90.40,122.38
Mecklenburg,2008-2009,1524799,47.20,63.90
Middlesex,2008-2009,786464,75.54,102.26
Montgomery,2008-2009,3810940,41.70,56.45
Nelson,2008-2009,1376610,88.71,120.09
NewKent,2008-2009,1778685,99.61,134.85
Northampton,2008-2009,2266824,169.41,229.35
Northumberland,2008-2009,229089,17.09,23.14
Nottoway,2008-2009,879659,55.35,74.93
Orange,2008-2009,1914711,56.51,76.50
Page,2008-2009,1626633,67.29,91.09
Patrick,2008-2009,983182,50.50,68.37
Pittsylvania,2008-2009,3388603,54.03,73.15
Powhatan,2008-2009,2190018,77.92,105.49
PrinceEdward,2008-2009,1518467,70.61,95.60
PrinceGeorge,2008-2009,2966737,77.27,104.61
PrinceWilliam,2008-2009,32642000,84.36,114.21
Pulaski,2008-2009,3623740,106.06,143.58
Rappahannock,2008-2009,761013,107.70,145.80
Richmond,2008-2009,582753,59.48,80.53
Roanoke,2008-2009,5649673,60.75,82.25
Rockbridge,2008-2009,1243113,56.75,76.83
Rockingham,2008-2009,3744291,49.29,66.73
Russell,2008-2009,394697,13.41,18.15
Scott,2008-2009,1491028,61.37,83.08
Shenandoah,2008-2009,2008386,48.35,65.46
Smyth,2008-2009,1719689,53.59,72.55
Southampton,2008-2009,1493769,80.22,108.61
Spotsylvania,2008-2009,9409298,77.25,104.58
Stafford,2008-2009,15354175,121.96,165.11
Surry,2008-2009,862694,120.42,163.03
Sussex,2008-2009,698728,57.20,77.44
Tazewell,2008-2009,1936117,43.47,58.85
Warren,2008-2009,1767877,48.47,65.62
Washington,2008-2009,2918706,53.61,72.58
Westmoreland,2008-2009,1180625,67.41,91.25
Wise,2008-2009,2076084,49.86,67.50
Wythe,2008-2009,1054955,37.64,50.95
York,2008-2009,7192907,109.04,147.62
Alexandria,2007-2008,14881459,107.88,127.14
Bedford,2007-2008,723861,113.89,134.24
Bristol,2007-2008,1289704,73.96,87.17
BuenaVista,2007-2008,411995,63.24,74.53
Charlottesville,2007-2008,4248933,107.19,126.34
Chesapeake,2007-2008,16365004,75.55,89.04
ColonialHeights,2007-2008,1516817,85.73,101.04
Covington,2007-2008,558720,94.37,111.23
Danville,2007-2008,3681407,81.53,96.09
Emporia,2007-2008,403320,72.47,85.41
Fairfax,2007-2008,2234454,93.15,109.79
FallsChurch,2007-2008,3843269,337.16,397.37
Franklin,2007-2008,997304,120.27,141.75
Fredericksburg,2007-2008,3071547,136.25,160.58
Galax,2007-2008,612738,91.38,107.70
Hampton,2007-2008,11672434,80.94,95.40
Harrisonburg,2007-2008,2851638,62.49,73.65
Hopewell,2007-2008,2024588,87.03,102.57
Lexington,2007-2008,366674,50.85,59.93
Lynchburg,2007-2008,4952423,70.01,82.52
Manassas,2007-2008,4236972,116.96,137.85
ManassasPark,2007-2008,2000307,142.37,167.80
Martinsville,2007-2008,3649011,253.53,298.81
NewportNews,2007-2008,28664201,158.39,186.67
Norfolk,2007-2008,13457258,57.24,67.47
Norton,2007-2008,454857,109.30,128.83
Petersburg,2007-2008,3538608,116.06,136.79
Poquoson,2007-2008,1316022,111.61,131.55
Portsmouth,2007-2008,8540819,87.51,103.14
Radford,2007-2008,985621,63.24,74.54
Richmond,2007-2008,14904375,76.25,89.87
Roanoke,2007-2008,9435862,102.18,120.43
Salem,2007-2008,2386028,96.41,113.63
Staunton,2007-2008,1684247,72.92,85.94
Suffolk,2007-2008,6848010,83.61,98.54
VirginiaBeach,2007-2008,20992319,48.66,57.34
Waynesboro,2007-2008,1898665,92.11,108.56
Williamsburg,2007-2008,514984,38.56,45.45
Winchester,2007-2008,2464647,94.04,110.83
Accomack,2007-2008,2363810,60.66,83.74
Albemarle,2007-2008,9717847,103.75,143.22
Alleghany,2007-2008,2056805,122.46,169.06
Amelia,2007-2008,1128168,86.76,119.78
Amherst,2007-2008,2010154,62.15,85.80
Appomattox,2007-2008,1121224,77.79,107.39
Arlington,2007-2008,19301194,93.32,128.83
Augusta,2007-2008,3327423,46.48,64.17
Bath,2007-2008,480484,101.83,140.57
Bedford,2007-2008,3039088,45.86,63.31
Bland,2007-2008,495961,70.34,97.10
Botetourt,2007-2008,1793941,54.43,75.15
Brunswick,2007-2008,880213,47.80,65.99
Buchanan,2007-2008,1384290,56.94,78.60
Buckingham,2007-2008,911821,55.11,76.07
Campbell,2007-2008,3220539,61.23,84.53
Caroline,2007-2008,1428993,51.33,70.86
Carroll,2007-2008,1609809,53.44,73.77
CharlesCity,2007-2008,778199,112.65,155.52
Charlotte,2007-2008,896389,71.98,99.37
Chesterfield,2007-2008,20634489,67.98,93.85
Clarke,2007-2008,1359266,93.53,129.11
Craig,2007-2008,452151,86.26,119.08
Culpeper,2007-2008,3446646,72.53,100.13
Cumberland,2007-2008,959705,97.73,134.92
Dickenson,2007-2008,1336088,81.26,112.18
Dinwiddie,2007-2008,1546883,57.63,79.55
Essex,2007-2008,1030498,96.02,132.56
Fairfax,2007-2008,76826145,75.52,104.25
Fauquier,2007-2008,4482598,67.10,92.64
Floyd,2007-2008,725786,48.08,66.38
Fluvanna,2007-2008,1133121,42.94,59.28
Franklin,2007-2008,2572873,48.69,67.22
Frederick,2007-2008,6302082,85.29,117.75
Giles,2007-2008,744761,45.09,62.24
Gloucester,2007-2008,2516592,69.69,96.21
Goochland,2007-2008,766095,36.65,50.59
Grayson,2007-2008,642169,39.78,54.91
Greene,2007-2008,1350624,75.53,104.27
Greensville,,606495,48.48,66.92
Halifax,2007-2008,2155368,59.95,82.76
Hanover,2007-2008,8971652,91.75,126.66
Henrico,2007-2008,14296504,49.00,67.64
Henry,2007-2008,3608885,66.99,92.49
Highland,2007-2008,195711,85.75,118.38
IsleofWight,2007-2008,1832420,53.31,73.59
JamesCity,2007-2008,6244224,100.33,138.51
King&Queen,2007-2008,945215,136.29,188.15
KingGeorge,2007-2008,1355783,58.87,81.27
KingWilliam,2007-2008,1334363,84.64,116.85
Lancaster,2007-2008,736023,62.62,86.45
Lee,2007-2008,1608211,63.54,87.71
Loudoun,2007-2008,23155757,80.49,111.12
Louisa,2007-2008,1702588,52.82,72.92
Lunenburg,2007-2008,731374,55.58,76.73
Madison,2007-2008,727691,52.61,72.62
Mathews,2007-2008,895316,95.06,131.23
Mecklenburg,2007-2008,1423981,44.24,61.08
Middlesex,2007-2008,777688,75.67,104.46
Montgomery,2007-2008,3456010,38.18,52.71
Nelson,2007-2008,1478565,94.93,131.05
NewKent,2007-2008,1968968,112.90,155.86
Northampton,2007-2008,2489469,187.82,259.29
Northumberland,2007-2008,585686,44.26,61.11
Nottoway,2007-2008,852652,54.97,75.88
Orange,2007-2008,1785411,53.93,74.45
Page,2007-2008,1623548,67.74,93.52
Patrick,2007-2008,880859,45.85,63.30
Pittsylvania,2007-2008,3282758,52.73,72.80
Powhatan,2007-2008,2505229,90.93,125.53
PrinceEdward,2007-2008,1650184,76.74,105.93
PrinceGeorge,2007-2008,2985502,79.14,109.26
PrinceWilliam,2007-2008,30401000,80.23,110.76
Pulaski,2007-2008,4758477,138.36,191.01
Rappahannock,2007-2008,739369,106.77,147.39
Richmond,2007-2008,623361,63.78,88.04
Roanoke,2007-2008,5944770,65.19,89.99
Rockbridge,2007-2008,1415002,64.73,89.36
Rockingham,2007-2008,3607668,48.21,66.55
Russell,2007-2008,592276,20.43,28.21
Scott,2007-2008,1542473,63.92,88.25
Shenandoah,2007-2008,2015655,48.86,67.45
Smyth,2007-2008,1671901,52.46,72.42
Southampton,2007-2008,1433157,74.40,102.72
Spotsylvania,2007-2008,9350958,77.53,107.03
Stafford,2007-2008,16833000,136.09,187.87
Surry,2007-2008,815947,114.83,158.52
Sussex,2007-2008,995508,82.56,113.98
Tazewell,2007-2008,1799169,40.69,56.17
Warren,2007-2008,1585211,43.91,60.62
Washington,2007-2008,3131974,58.85,81.24
Westmoreland,2007-2008,1084941,63.06,87.05
Wise,2007-2008,1986547,48.31,66.70
Wythe,2007-2008,976737,34.98,48.28
York,2007-2008,9097132,140.98,194.63
Alexandria,2006-2007,15515910,113.48,144.56
Bedford,2006-2007,634665,103.86,132.30
Bristol,2006-2007,1181566,67.93,86.54
BuenaVista,2006-2007,389679,59.47,75.76
Charlottesville,2006-2007,4216904,102.17,130.15
Chesapeake,2006-2007,16399762,75.73,96.47
ColonialHeights,2006-2007,1455341,83.34,106.16
Covington,2006-2007,525317,89.57,114.10
Danville,2006-2007,2919507,64.33,81.95
Emporia,2006-2007,350459,62.68,79.85
Fairfax,2006-2007,1929913,83.13,105.90
FallsChurch,2006-2007,3042824,269.75,343.64
Franklin,2006-2007,1147983,135.04,172.03
Fredericksburg,2006-2007,2495671,112.33,143.09
Galax,2006-2007,508022,74.81,95.30
Hampton,2006-2007,13702170,93.94,119.67
Harrisonburg,2006-2007,2516090,56.28,71.69
Hopewell,2006-2007,1844033,81.25,103.51
Lexington,2006-2007,351750,48.44,61.71
Lynchburg,2006-2007,2977647,42.70,54.39
Manassas,2006-2007,3886081,106.39,135.52
ManassasPark,2006-2007,2023719,145.07,184.80
Martinsville,2006-2007,3512827,240.42,306.27
NewportNews,2006-2007,23016917,126.14,160.68
Norfolk,2006-2007,11835570,50.15,63.89
Norton,2006-2007,469054,124.45,158.54
Petersburg,2006-2007,3788770,119.94,152.79
Poquoson,2006-2007,1617338,135.36,172.44
Portsmouth,2006-2007,6966383,70.69,90.06
Radford,2006-2007,933442,59.86,76.26
Richmond,2006-2007,15396602,78.84,100.43
Roanoke,2006-2007,6947665,74.30,94.65
Salem,2006-2007,1645596,65.72,83.72
Staunton,2006-2007,1764872,76.94,98.02
Suffolk,2006-2007,6683928,82.31,104.85
VirginiaBeach,2006-2007,20558582,47.48,60.48
Waynesboro,2006-2007,1822123,89.30,113.76
Williamsburg,2006-2007,502990,37.98,48.38
Winchester,2006-2007,2237409,86.40,110.06
Accomack,2006-2007,2308261,59.28,84.50
Albemarle,2006-2007,9666101,103.27,147.21
Alleghany,2006-2007,1777947,103.61,147.69
Amelia,2006-2007,1133799,88.83,126.63
Amherst,2006-2007,1818371,55.22,78.71
Appomattox,2006-2007,1175801,80.85,115.25
Arlington,2006-2007,28083762,139.61,199.01
Augusta,2006-2007,3394410,47.98,68.39
Bath,2006-2007,479427,96.58,137.67
Bedford,2006-2007,2872716,43.23,61.62
Bland,2006-2007,534977,74.77,106.58
Botetourt,2006-2007,1845093,55.67,79.36
Brunswick,2006-2007,740349,39.98,57.00
Buchanan,2006-2007,1296999,54.56,77.77
Buckingham,2006-2007,899617,55.05,78.47
Campbell,2006-2007,2999897,57.57,82.06
Caroline,2006-2007,1378637,51.91,74.00
Carroll,2006-2007,1316219,43.51,62.02
CharlesCity,2006-2007,689274,97.48,138.95
Charlotte,2006-2007,1005161,79.17,112.86
Chesterfield,2006-2007,18257273,61.12,87.12
Clarke,2006-2007,1195701,84.35,120.24
Craig,2006-2007,376633,71.40,101.78
Culpeper,2006-2007,3212904,70.61,100.65
Cumberland,2006-2007,1059476,107.90,153.81
Dickenson,2006-2007,1370747,86.76,123.68
Dinwiddie,2006-2007,1781297,68.20,97.21
Essex,2006-2007,917663,85.21,121.47
Fairfax,2006-2007,72104593,71.21,101.51
Fauquier,2006-2007,4191937,64.18,91.48
Floyd,2006-2007,693588,45.91,65.44
Fluvanna,2006-2007,1180337,45.30,64.57
Franklin,2006-2007,1119135,21.44,30.56
Frederick,2006-2007,6445600,88.36,125.95
Giles,2006-2007,473501,28.52,40.65
Gloucester,2006-2007,2372287,65.01,92.68
Goochland,2006-2007,694667,33.99,48.45
Grayson,2006-2007,659617,40.74,58.08
Greene,2006-2007,1271136,71.76,102.29
Greensville,2006-2007,568417,47.14,67.19
Halifax,2006-2007,2481763,67.64,96.42
Hanover,2006-2007,8262347,84.68,120.71
Henrico,2006-2007,13196977,45.54,64.92
Henry,2006-2007,3470920,62.79,89.50
Highland,2006-2007,191436,80.30,114.47
IsleofWight,2006-2007,1926294,57.31,81.69
JamesCity,2006-2007,5929044,96.03,136.89
King&Queen,2006-2007,767440,110.23,157.13
KingGeorge,2006-2007,972719,43.81,62.44
KingWilliam,2006-2007,1163749,75.99,108.32
Lancaster,2006-2007,881275,74.75,106.55
Lee,2006-2007,1308293,54.81,78.13
Loudoun,2006-2007,19435368,70.52,100.53
Louisa,2006-2007,1682361,53.96,76.92
Lunenburg,2006-2007,722295,54.46,77.64
Madison,2006-2007,633703,45.83,65.33
Mathews,2006-2007,779958,81.93,116.79
Mecklenburg,2006-2007,1404674,42.70,60.87
Middlesex,2006-2007,699170,67.97,96.89
Montgomery,2006-2007,3282183,36.95,52.67
Nelson,2006-2007,1468007,96.76,137.93
NewKent,2006-2007,1561786,91.40,130.28
Northampton,2006-2007,1563080,118.33,168.68
Northumberland,2006-2007,557475,42.26,60.25
Nottoway,2006-2007,882586,56.49,80.52
Orange,2006-2007,1790699,55.33,78.87
Page,2006-2007,1716361,70.31,100.23
Patrick,2006-2007,1254173,64.57,92.04
Pittsylvania,2006-2007,3177576,51.47,73.38
Powhatan,2006-2007,2203197,80.27,114.42
PrinceEdward,2006-2007,1466247,68.99,98.34
PrinceGeorge,2006-2007,2793709,76.23,108.67
PrinceWilliam,2006-2007,28633000,76.98,109.74
Pulaski,2006-2007,4764260,136.13,194.05
Rappahannock,2006-2007,710259,98.74,140.76
Richmond,2006-2007,548076,60.27,85.91
Roanoke,2006-2007,5644589,62.10,88.52
Rockbridge,2006-2007,1421757,64.36,91.75
Rockingham,2006-2007,3929615,52.99,75.53
Russell,2006-2007,702718,24.40,34.79
Scott,2006-2007,4232869,177.26,252.67
Shenandoah,2006-2007,1880420,46.19,65.84
Smyth,2006-2007,1472603,45.67,65.11
Southampton,2006-2007,1308521,71.37,101.73
Spotsylvania,2006-2007,8827200,73.62,104.94
Stafford,2006-2007,12895867,107.12,152.70
Surry,2006-2007,787448,109.29,155.79
Sussex,2006-2007,891861,73.37,104.59
Tazewell,2006-2007,1661014,38.63,55.07
Warren,2006-2007,1684134,47.00,67.00
Washington,2006-2007,2475394,46.73,66.61
Westmoreland,2006-2007,935295,55.39,78.96
Wise,2006-2007,1666106,40.86,58.25
Wythe,2006-2007,946393,34.02,48.50
York,2006-2007,8469089,134.04,191.07
