Alexandria,2012-2013,178691829,1212.37,98.06
Bedford,2012-2013,5329098,863.43,69.84
Bristol,2012-2013,20790770,1174.49,95.00
BuenaVista,2012-2013,7819809,1164.70,94.21
Charlottesville,2012-2013,51385501,1140.05,92.22
Chesapeake,2012-2013,325120866,1424.66,115.24
ColonialHeights,2012-2013,26499170,1503.41,121.61
Covington,2012-2013,7813615,1217.07,98.45
Danville,2012-2013,50983837,1174.74,95.02
Emporia,2012-2013,7356961,1240.22,100.32
Fairfax,2012-2013,34712456,1476.81,119.45
FallsChurch,2012-2013,28998000,2237.50,180.98
Franklin,2012-2013,11838175,1339.31,108.33
Fredericksburg,2012-2013,29701329,1141.31,92.32
Galax,2012-2013,10039402,1399.02,113.16
Hampton,2012-2013,164486171,1184.65,95.82
Harrisonburg,2012-2013,48676848,957.04,77.41
Hopewell,2012-2013,33938535,1485.60,120.17
Lexington,2012-2013,4835389,657.34,53.17
Lynchburg,2012-2013,71019307,919.90,74.41
Manassas,2012-2013,72053244,1805.76,146.06
ManassasPark,2012-2013,26386460,1778.30,143.84
Martinsville,2012-2013,17409163,1251.74,101.25
NewportNews,2012-2013,233576187,1274.07,103.06
Norfolk,2012-2013,272152239,1107.20,89.56
Norton,2012-2013,5956867,1420.67,114.91
Petersburg,2012-2013,36419272,1099.88,88.97
Poquoson,2012-2013,15616733,1270.58,102.77
Portsmouth,2012-2013,114444793,1174.40,94.99
Radford,2012-2013,11960390,715.59,57.88
Richmond,2012-2013,247926045,1187.19,96.03
Roanoke,2012-2013,118331292,1199.62,97.03
Salem,2012-2013,33182471,1313.27,106.23
Staunton,2012-2013,22946074,936.12,75.72
Suffolk,2012-2013,110232142,1274.91,103.12
VirginiaBeach,2012-2013,576381850,1288.04,104.19
Waynesboro,2012-2013,24944919,1166.85,94.38
Williamsburg,2012-2013,6649732,458.51,37.09
Winchester,2012-2013,44024727,1618.08,130.88
Accomack,2012-2013,39662987,1183.19,87.89
Albemarle,2012-2013,127843969,1258.62,93.49
Alleghany,2012-2013,20096478,1261.00,93.67
Amelia,2012-2013,11045515,868.36,64.50
Amherst,2012-2013,33269441,1022.67,75.96
Appomattox,2012-2013,14870310,979.28,72.74
Arlington,2012-2013,352754706,1599.32,118.80
Augusta,2012-2013,78578571,1064.53,79.07
Bath,2012-2013,6501200,1362.08,101.18
Bedford,2012-2013,65133646,935.33,69.48
Bland,2012-2013,6386886,943.83,70.11
Botetourt,2012-2013,37751301,1133.91,84.23
Brunswick,2012-2013,16325202,938.50,69.71
Buchanan,2012-2013,26652709,1110.99,82.53
Buckingham,2012-2013,15285315,883.75,65.65
Campbell,2012-2013,56033186,1018.23,75.63
Caroline,2012-2013,30452939,1045.95,77.69
Carroll,2012-2013,30523483,1018.26,75.64
CharlesCity,2012-2013,7330990,1021.03,75.84
Charlotte,2012-2013,13612109,1083.77,80.50
Chesterfield,2012-2013,406627744,1261.30,93.69
Clarke,2012-2013,16062092,1125.11,83.57
Craig,2012-2013,5227651,994.23,73.85
Culpeper,2012-2013,56529194,1184.30,87.97
Cumberland,2012-2013,10299573,1015.24,75.41
Dickenson,2012-2013,16464062,1045.54,77.66
Dinwiddie,2012-2013,30124787,1063.95,79.03
Essex,2012-2013,12073866,1077.83,80.06
Fairfax,2012-2013,1921862832,1727.79,128.34
Fauquier,2012-2013,100251392,1515.95,112.61
Floyd,2012-2013,12902338,830.16,61.66
Fluvanna,2012-2013,27074551,1040.01,77.25
Franklin,2012-2013,56195621,992.57,73.73
Frederick,2012-2013,110831725,1383.36,102.76
Giles,2012-2013,17355411,992.53,73.73
Gloucester,2012-2013,39659017,1072.56,79.67
Goochland,2012-2013,19182073,906.14,67.31
Grayson,2012-2013,15842758,1030.02,76.51
Greene,2012-2013,22653862,1201.41,89.24
Greensville,2012-2013,3185152,262.45,19.50
Halifax,2012-2013,40930894,1129.38,83.89
Hanover,2012-2013,128870209,1271.82,94.47
Henrico,2012-2013,358561955,1138.72,84.58
Henry,2012-2013,53211788,987.43,73.35
Highland,2012-2013,2847662,1244.61,92.45
IsleofWight,2012-2013,42546694,1175.97,87.35
JamesCity,2012-2013,84084782,1209.05,89.81
King&Queen,2012-2013,8540868,1149.98,85.42
KingGeorge,2012-2013,27417355,1145.01,85.05
KingWilliam,2012-2013,15299943,955.41,70.97
Lancaster,2012-2013,11039750,971.89,72.19
Lee,2012-2013,25356888,986.46,73.27
Loudoun,2012-2013,654633479,1964.37,145.91
Louisa,2012-2013,36299962,1076.93,79.99
Lunenburg,2012-2013,12075295,934.69,69.43
Madison,2012-2013,13679916,1015.43,75.43
Mathews,2012-2013,8222121,925.60,68.75
Mecklenburg,2012-2013,33194124,1031.74,76.64
Middlesex,2012-2013,8556868,777.26,57.74
Montgomery,2012-2013,71389888,746.55,55.45
Nelson,2012-2013,16627906,1102.79,81.92
NewKent,2012-2013,18238546,947.11,70.35
Northampton,2012-2013,15352869,1234.05,91.67
Northumberland,2012-2013,11576005,928.61,68.98
Nottoway,2012-2013,15912137,1003.60,74.55
Orange,2012-2013,35315002,1038.71,77.16
Page,2012-2013,25444255,1050.76,78.05
Patrick,2012-2013,18080872,967.36,71.86
Pittsylvania,2012-2013,58292406,923.44,68.59
Powhatan,2012-2013,32209688,1134.38,84.26
PrinceEdward,2012-2013,19325795,826.60,61.40
PrinceGeorge,2012-2013,44563711,1240.81,92.17
PrinceWilliam,2012-2013,662987000,1574.18,116.93
Pulaski,2012-2013,32075168,927.05,68.86
Rappahannock,2012-2013,8589752,1151.90,85.56
Richmond,2012-2013,9669273,1037.81,77.09
Roanoke,2012-2013,102224953,1096.18,81.42
Rockbridge,2012-2013,22285757,1008.86,74.94
Rockingham,2012-2013,90702505,1169.59,86.88
Russell,2012-2013,28450533,984.79,73.15
Scott,2012-2013,27059664,1154.18,85.73
Shenandoah,2012-2013,46228838,1079.81,80.21
Smyth,2012-2013,35046133,1091.37,81.07
Southampton,2012-2013,19611881,1050.00,77.99
Spotsylvania,2012-2013,176772286,1419.56,105.45
Stafford,2012-2013,189972986,1431.39,106.32
Surry,2012-2013,11293397,1630.34,121.10
Sussex,2012-2013,12536998,1032.79,76.72
Tazewell,2012-2013,43501791,973.30,72.30
Warren,2012-2013,37227356,977.69,72.62
Washington,2012-2013,56702296,1022.05,75.92
Westmoreland,2012-2013,12361922,698.30,51.87
Wise,2012-2013,46110393,1130.27,83.96
Wythe,2012-2013,30227846,1022.45,75.95
York,2012-2013,93067530,1401.03,104.07
Alexandria,2011-2012,178365609,1243.28,99.87
Bedford,2011-2012,4713950,768.12,61.70
Bristol,2011-2012,19258559,1083.16,87.00
BuenaVista,2011-2012,8308604,1207.47,96.99
Charlottesville,2011-2012,53195234,1196.18,96.08
Chesapeake,2011-2012,329073260,1456.73,117.01
ColonialHeights,2011-2012,26553083,1512.48,121.49
Covington,2011-2012,7939113,1303.20,104.68
Danville,2011-2012,55137669,1272.45,102.21
Emporia,2011-2012,7217209,1213.79,97.50
Fairfax,2011-2012,31756723,1388.82,111.56
FallsChurch,2011-2012,26040879,2072.16,166.45
Franklin,2011-2012,11279949,1299.53,104.38
Fredericksburg,2011-2012,27529306,1080.26,86.77
Galax,2011-2012,9374387,1315.70,105.68
Hampton,2011-2012,172228823,1253.74,100.71
Harrisonburg,2011-2012,45302561,905.02,72.70
Hopewell,2011-2012,33620788,1475.96,118.56
Lexington,2011-2012,4682696,650.65,52.26
Lynchburg,2011-2012,70291704,919.47,73.86
Manassas,2011-2012,66893802,1712.59,137.56
ManassasPark,2011-2012,17784656,1223.15,98.25
Martinsville,2011-2012,18023830,1296.49,104.14
NewportNews,2011-2012,234057828,1292.94,103.86
Norfolk,2011-2012,263542236,1080.16,86.76
Norton,2011-2012,6325598,1543.21,123.96
Petersburg,2011-2012,35679817,1082.91,86.98
Poquoson,2011-2012,15535295,1269.22,101.95
Portsmouth,2011-2012,119448956,1239.51,99.56
Radford,2011-2012,11065650,669.35,53.77
Richmond,2011-2012,254448433,1233.76,99.10
Roanoke,2011-2012,115279500,1185.93,95.26
Salem,2011-2012,32603728,1305.72,104.88
Staunton,2011-2012,24258726,1001.52,80.45
Suffolk,2011-2012,106647497,1244.54,99.97
VirginiaBeach,2011-2012,580055288,1314.58,105.59
Waynesboro,2011-2012,23357482,1107.04,88.92
Williamsburg,2011-2012,6490728,455.30,36.57
Winchester,2011-2012,38995339,1490.25,119.70
Accomack,2011-2012,36852152,1105.51,84.89
Albemarle,2011-2012,126382220,1254.04,96.29
Alleghany,2011-2012,21559410,1332.47,102.31
Amelia,2011-2012,11957565,931.20,71.50
Amherst,2011-2012,32376597,996.33,76.50
Appomattox,2011-2012,14100596,938.73,72.08
Arlington,2011-2012,319128055,1488.66,114.31
Augusta,2011-2012,74757362,1013.08,77.79
Bath,2011-2012,5913947,1232.84,94.66
Bedford,2011-2012,62065683,894.59,68.69
Bland,2011-2012,6346538,940.51,72.22
Botetourt,2011-2012,37472659,1121.97,86.15
Brunswick,2011-2012,16688364,959.10,73.65
Buchanan,2011-2012,26515667,1104.54,84.81
Buckingham,2011-2012,15828426,923.32,70.90
Campbell,2011-2012,55983668,1022.36,78.50
Caroline,2011-2012,28421966,985.98,75.71
Carroll,2011-2012,28907162,971.73,74.62
CharlesCity,2011-2012,7180538,984.98,75.63
Charlotte,2011-2012,13333267,1061.14,81.48
Chesterfield,2011-2012,381754860,1194.32,91.71
Clarke,2011-2012,14234790,1001.67,76.91
Craig,2011-2012,5021835,958.18,73.57
Culpeper,2011-2012,54729782,1160.91,89.14
Cumberland,2011-2012,10924979,1081.68,83.06
Dickenson,2011-2012,18423171,1168.83,89.75
Dinwiddie,2011-2012,29424849,1050.21,80.64
Essex,2011-2012,12082911,1070.52,82.20
Fairfax,2011-2012,1797549325,1640.07,125.93
Fauquier,2011-2012,96823295,1471.93,113.02
Floyd,2011-2012,12660429,817.65,62.78
Fluvanna,2011-2012,27980382,1076.62,82.67
Franklin,2011-2012,54244310,963.49,73.98
Frederick,2011-2012,104148417,1315.74,101.03
Giles,2011-2012,16780628,971.16,74.57
Gloucester,2011-2012,38788074,1048.69,80.52
Goochland,2011-2012,18041476,829.38,63.68
Grayson,2011-2012,15023085,971.11,74.57
Greene,2011-2012,22459541,1179.47,90.57
Greensville,2011-2012,3149702,259.64,19.94
Halifax,2011-2012,42022741,1161.36,89.18
Hanover,2011-2012,128739650,1278.40,98.16
Henrico,2011-2012,357512367,1150.51,88.34
Henry,2011-2012,54336626,1008.72,77.45
Highland,2011-2012,2973950,1295.84,99.50
IsleofWight,2011-2012,41672907,1175.31,90.25
JamesCity,2011-2012,83841960,1217.32,93.47
King&Queen,2011-2012,8087623,1147.34,88.10
KingGeorge,2011-2012,26548992,1137.83,87.37
KingWilliam,2011-2012,15834601,979.92,75.24
Lancaster,2011-2012,10741371,937.05,71.95
Lee,2011-2012,26621988,1036.84,79.61
Loudoun,2011-2012,613230734,1890.72,145.18
Louisa,2011-2012,35599066,1064.06,81.70
Lunenburg,2011-2012,12596087,971.40,74.59
Madison,2011-2012,13183080,982.05,75.41
Mathews,2011-2012,8033599,898.91,69.02
Mecklenburg,2011-2012,32213641,978.07,75.10
Middlesex,2011-2012,9181435,829.77,63.71
Montgomery,2011-2012,72293819,761.02,58.44
Nelson,2011-2012,15755760,1043.98,80.16
NewKent,2011-2012,18093856,961.06,73.80
Northampton,2011-2012,14928699,1200.73,92.20
Northumberland,2011-2012,11386721,914.67,70.23
Nottoway,2011-2012,15915724,1000.55,76.83
Orange,2011-2012,33906222,1005.67,77.22
Page,2011-2012,25562555,1058.27,81.26
Patrick,2011-2012,17295155,928.10,71.26
Pittsylvania,2011-2012,59131497,938.80,72.09
Powhatan,2011-2012,31251953,1104.70,84.82
PrinceEdward,2011-2012,19578022,832.47,63.92
PrinceGeorge,2011-2012,44281198,1235.94,94.90
PrinceWilliam,2011-2012,630763000,1521.63,116.84
Pulaski,2011-2012,33433480,965.31,74.12
Rappahannock,2011-2012,8567163,1156.16,88.78
Richmond,2011-2012,9532602,1032.00,79.24
Roanoke,2011-2012,99521515,1073.74,82.45
Rockbridge,2011-2012,21207710,957.24,73.50
Rockingham,2011-2012,89051994,1152.08,88.46
Russell,2011-2012,29964421,1032.76,79.30
Scott,2011-2012,25472249,1094.45,84.04
Shenandoah,2011-2012,44642925,1060.05,81.40
Smyth,2011-2012,35145335,1094.73,84.06
Southampton,2011-2012,20160815,1077.31,82.72
Spotsylvania,2011-2012,163956759,1322.26,101.53
Stafford,2011-2012,183855193,1402.76,107.71
Surry,2011-2012,11454239,1643.83,126.22
Sussex,2011-2012,12829105,1064.13,81.71
Tazewell,2011-2012,42159030,931.16,71.50
Warren,2011-2012,34110804,905.08,69.50
Washington,2011-2012,53258540,965.20,74.11
Westmoreland,2011-2012,12516723,716.88,55.05
Wise,2011-2012,48718663,1187.54,91.19
Wythe,2011-2012,29613184,1007.56,77.37
York,2011-2012,91250330,1383.15,106.21
Alexandria,2010-2011,169486579,1210.91,98.71
Bedford,2010-2011,5014990,806.01,65.70
Bristol,2010-2011,18500322,1037.30,84.56
BuenaVista,2010-2011,7935302,1193.28,97.27
Charlottesville,2010-2011,52059301,1197.45,97.61
Chesapeake,2010-2011,324918667,1462.22,119.19
ColonialHeights,2010-2011,26149934,1501.92,122.43
Covington,2010-2011,7709149,1293.26,105.42
Danville,2010-2011,53880394,1251.43,102.01
Emporia,2010-2011,6300085,1062.95,86.65
Fairfax,2010-2011,29680104,1315.32,107.22
FallsChurch,2010-2011,25387289,2058.65,167.81
Franklin,2010-2011,12147614,1415.48,115.38
Fredericksburg,2010-2011,25925293,1067.50,87.02
Galax,2010-2011,9332771,1325.30,108.03
Hampton,2010-2011,170959313,1243.92,101.40
Harrisonburg,2010-2011,43099523,881.13,71.82
Hopewell,2010-2011,32930883,1457.70,118.82
Lexington,2010-2011,4459178,633.23,51.62
Lynchburg,2010-2011,69456073,919.12,74.92
Manassas,2010-2011,63113929,1668.75,136.03
ManassasPark,2010-2011,23953119,1678.21,136.80
Martinsville,2010-2011,17560183,1270.54,103.57
NewportNews,2010-2011,231789073,1282.59,104.55
Norfolk,2010-2011,263502167,1085.25,88.46
Norton,2010-2011,6308627,1593.89,129.92
Petersburg,2010-2011,35867470,1106.34,90.18
Poquoson,2010-2011,15053951,1239.01,101.00
Portsmouth,2010-2011,119657238,1252.50,102.10
Radford,2010-2011,11366734,692.76,56.47
Richmond,2010-2011,230804647,1130.21,92.13
Roanoke,2010-2011,109497693,1128.47,91.99
Salem,2010-2011,30962316,1248.38,101.76
Staunton,2010-2011,22343713,940.95,76.70
Suffolk,2010-2011,105155615,1243.19,101.34
VirginiaBeach,2010-2011,566822932,1294.13,105.49
Waynesboro,2010-2011,22946933,1092.40,89.05
Williamsburg,2010-2011,6351333,451.47,36.80
Winchester,2010-2011,37802296,1442.67,117.60
Accomack,2010-2011,36754465,1108.26,86.86
Albemarle,2010-2011,120885750,1221.44,95.72
Alleghany,2010-2011,20418437,1256.52,98.47
Amelia,2010-2011,11356063,894.88,70.13
Amherst,2010-2011,31967190,988.07,77.44
Appomattox,2010-2011,14066468,939.46,73.63
Arlington,2010-2011,295198012,1421.77,111.42
Augusta,2010-2011,75866400,1028.70,80.62
Bath,2010-2011,5890396,1245.06,97.58
Bedford,2010-2011,59637297,868.39,68.06
Bland,2010-2011,6226454,912.43,71.51
Botetourt,2010-2011,36312357,1095.46,85.85
Brunswick,2010-2011,17665595,1013.28,79.41
Buchanan,2010-2011,24012377,996.45,78.09
Buckingham,2010-2011,15603780,910.05,71.32
Campbell,2010-2011,54662822,996.73,78.11
Caroline,2010-2011,26662427,934.05,73.20
Carroll,2010-2011,29259558,973.96,76.33
CharlesCity,2010-2011,7554229,1041.10,81.59
Charlotte,2010-2011,14248445,1132.09,88.72
Chesterfield,2010-2011,379886367,1201.27,94.14
Clarke,2010-2011,14386927,1025.15,80.34
Craig,2010-2011,5226375,1007.01,78.92
Culpeper,2010-2011,51250197,1097.69,86.03
Cumberland,2010-2011,10410992,1035.71,81.17
Dickenson,2010-2011,17915224,1126.53,88.29
Dinwiddie,2010-2011,27910922,996.78,78.12
Essex,2010-2011,11965259,1073.02,84.09
Fairfax,2010-2011,1699372935,1570.98,123.12
Fauquier,2010-2011,96682865,1482.80,116.21
Floyd,2010-2011,13846861,906.27,71.02
Fluvanna,2010-2011,27728554,1079.31,84.59
Franklin,2010-2011,54782406,975.49,76.45
Frederick,2010-2011,100866007,1288.12,100.95
Giles,2010-2011,15817381,915.04,71.71
Gloucester,2010-2011,40032497,1086.13,85.12
Goochland,2010-2011,17039086,784.60,61.49
Grayson,2010-2011,15948888,1026.77,80.47
Greene,2010-2011,22106549,1201.25,94.14
Greensville,2010-2011,2941646,240.27,18.83
Halifax,2010-2011,44618755,1231.17,96.49
Hanover,2010-2011,125011412,1251.83,98.11
Henrico,2010-2011,365882532,1192.05,93.42
Henry,2010-2011,51935428,959.09,75.16
Highland,,2871692,1237.26,96.96
IsleofWight,2010-2011,41815872,1185.59,92.92
JamesCity,2010-2011,84547782,1261.74,98.88
King&Queen,2010-2011,7364536,1060.41,83.10
KingGeorge,2010-2011,26896924,1140.47,89.38
KingWilliam,2010-2011,15904658,998.10,78.22
Lancaster,2010-2011,10973999,963.39,75.50
Lee,2010-2011,28008951,1094.66,85.79
Loudoun,2010-2011,572399408,1832.79,143.64
Louisa,2010-2011,35429803,1068.68,83.75
Lunenburg,2010-2011,12339787,955.54,74.89
Madison,2010-2011,12562343,943.97,73.98
Mathews,2010-2011,8135619,906.17,71.02
Mecklenburg,2010-2011,33308738,1017.78,79.76
Middlesex,2010-2011,9217654,841.10,65.92
Montgomery,2010-2011,65578237,694.74,54.45
Nelson,2010-2011,15318804,1019.89,79.93
NewKent,2010-2011,17771465,964.32,75.57
Northampton,2010-2011,13325017,1075.55,84.29
Northumberland,2010-2011,10962327,889.08,69.68
Nottoway,2010-2011,15867918,1000.94,78.44
Orange,2010-2011,31567885,942.86,73.89
Page,2010-2011,25221210,1049.05,82.21
Patrick,2010-2011,17259232,933.44,73.15
Pittsylvania,2010-2011,57427952,904.29,70.87
Powhatan,2010-2011,32352142,1153.54,90.40
PrinceEdward,2010-2011,20116083,860.84,67.46
PrinceGeorge,2010-2011,43511806,1217.97,95.45
PrinceWilliam,2010-2011,588786000,1464.63,114.78
Pulaski,2010-2011,31018210,889.49,69.71
Rappahannock,2010-2011,8167653,1107.78,86.82
Richmond,2010-2011,9235150,997.96,78.21
Roanoke,2010-2011,101388608,1097.56,86.02
Rockbridge,2010-2011,20587903,922.93,72.33
Rockingham,2010-2011,85507561,1120.47,87.81
Russell,2010-2011,29596771,1024.22,80.27
Scott,2010-2011,27120573,1170.15,91.71
Shenandoah,2010-2011,42963056,1023.10,80.18
Smyth,2010-2011,34015681,1056.13,82.77
Southampton,2010-2011,19650421,1058.18,82.93
Spotsylvania,2010-2011,165829026,1354.85,106.18
Stafford,2010-2011,195277650,1514.24,118.67
Surry,2010-2011,11532625,1633.98,128.06
Sussex,2010-2011,8998981,744.52,58.35
Tazewell,2010-2011,42620348,945.48,74.10
Warren,2010-2011,34405244,915.64,71.76
Washington,2010-2011,50769475,925.17,72.51
Westmoreland,2010-2011,11879276,680.60,53.34
Wise,2010-2011,48624881,1173.04,91.93
Wythe,2010-2011,28228194,965.56,75.67
York,2010-2011,89980599,1374.51,107.72
Alexandria,2009-2010,161182874,1137.19,89.72
Bedford,2009-2010,4763450,783.02,61.77
Bristol,2009-2010,19276686,1083.35,85.47
BuenaVista,2009-2010,8277831,1263.23,99.66
Charlottesville,2009-2010,47861795,1187.13,93.66
Chesapeake,2009-2010,326033803,1482.24,116.94
ColonialHeights,2009-2010,26703316,1513.95,119.44
Covington,2009-2010,7479312,1255.59,99.06
Danville,2009-2010,53876681,1191.12,93.97
Emporia,2009-2010,5892766,1005.41,79.32
Fairfax,2009-2010,28257929,1143.97,90.25
FallsChurch,2009-2010,26862694,2293.78,180.96
Franklin,2009-2010,12675516,1515.80,119.59
Fredericksburg,2009-2010,27207560,1188.02,93.73
Galax,2009-2010,9047291,1330.86,105.00
Hampton,2009-2010,185485252,1281.43,101.10
Harrisonburg,2009-2010,42861187,913.96,72.11
Hopewell,2009-2010,33749766,1446.88,114.15
Lexington,2009-2010,4622768,634.81,50.08
Lynchburg,2009-2010,71272460,984.82,77.70
Manassas,2009-2010,63476335,1752.84,138.29
ManassasPark,2009-2010,21700118,1547.09,122.05
Martinsville,2009-2010,15872960,1069.50,84.38
NewportNews,2009-2010,245285831,1343.36,105.98
Norfolk,2009-2010,283810053,1193.66,94.17
Norton,2009-2010,5854352,1444.09,113.93
Petersburg,2009-2010,37747658,1237.09,97.60
Poquoson,2009-2010,15688485,1320.47,104.18
Portsmouth,2009-2010,121022478,1233.37,97.30
Radford,2009-2010,11873161,784.13,61.86
Richmond,2009-2010,250179008,1262.88,99.63
Roanoke,2009-2010,111389282,1193.84,94.19
Salem,2009-2010,32797392,1303.39,102.83
Staunton,2009-2010,24043423,1024.28,80.81
Suffolk,2009-2010,108332919,1305.12,102.97
VirginiaBeach,2009-2010,566769841,1304.68,102.93
Waynesboro,2009-2010,24313250,1173.88,92.61
Williamsburg,2009-2010,6451417,475.35,37.50
Winchester,2009-2010,42163129,1598.14,126.08
Accomack,2009-2010,38219730,965.65,72.14
Albemarle,2009-2010,123097631,1292.40,96.55
Alleghany,2009-2010,21408855,1267.94,94.72
Amelia,2009-2010,12403136,943.38,70.48
Amherst,2009-2010,33494290,1019.95,76.20
Appomattox,2009-2010,14525281,991.55,74.08
Arlington,2009-2010,297860913,1404.75,104.94
Augusta,2009-2010,81474960,1129.81,84.40
Bath,2009-2010,6428197,1354.63,101.20
Bedford,2009-2010,65616754,981.46,73.32
Bland,2009-2010,6369429,894.40,66.82
Botetourt,2009-2010,36863810,1107.04,82.70
Brunswick,2009-2010,17023746,919.97,68.73
Buchanan,2009-2010,26274247,1068.41,79.82
Buckingham,2009-2010,16379303,974.14,72.77
Campbell,2009-2010,59152925,1111.12,83.01
Caroline,2009-2010,28476273,1008.18,75.32
Carroll,2009-2010,29733967,981.33,73.31
CharlesCity,2009-2010,8264448,1181.95,88.30
Charlotte,2009-2010,14249182,1124.44,84.00
Chesterfield,2009-2010,415416518,1350.54,100.89
Clarke,2009-2010,14523119,1003.58,74.97
Craig,2009-2010,5632850,1081.03,80.76
Culpeper,2009-2010,54514344,1137.18,84.95
Cumberland,2009-2010,12795443,1280.14,95.64
Dickenson,2009-2010,18924307,1148.40,85.79
Dinwiddie,2009-2010,31941677,1173.92,87.70
Essex,2009-2010,12384458,1125.57,84.09
Fairfax,2009-2010,1716144362,1655.75,123.70
Fauquier,2009-2010,96535221,1425.88,106.52
Floyd,2009-2010,14299012,927.40,69.28
Fluvanna,2009-2010,30520608,1145.16,85.55
Franklin,2009-2010,55734769,1042.74,77.90
Frederick,2009-2010,102921336,1366.07,102.05
Giles,2009-2010,17613724,1057.98,79.04
Gloucester,2009-2010,43001231,1173.39,87.66
Goochland,2009-2010,21004442,979.65,73.19
Grayson,2009-2010,15676506,965.11,72.10
Greene,2009-2010,22623494,1249.06,93.31
Greensville,2009-2010,2610249,209.65,15.66
Halifax,2009-2010,44836733,1242.64,92.83
Hanover,2009-2010,133345131,1352.05,101.01
Henrico,2009-2010,376432898,1269.63,94.85
Henry,2009-2010,54199738,1007.52,75.27
Highland,2009-2010,2832984,1246.63,93.13
IsleofWight,2009-2010,40296090,1152.09,86.07
JamesCity,2009-2010,85611419,1344.07,100.41
King&Queen,2009-2010,7135319,1068.92,79.85
KingGeorge,2009-2010,25569453,1070.25,79.95
KingWilliam,2009-2010,16164457,998.78,74.62
Lancaster,2009-2010,11033848,935.84,69.91
Lee,2009-2010,30230496,1181.11,88.24
Loudoun,2009-2010,569720013,1911.09,142.77
Louisa,2009-2010,35795655,1087.16,81.22
Lunenburg,2009-2010,12665561,954.62,71.32
Madison,2009-2010,12813920,918.54,68.62
Mathews,2009-2010,9070198,954.63,71.32
Mecklenburg,2009-2010,35602920,1102.13,82.34
Middlesex,2009-2010,8059710,774.11,57.83
Montgomery,2009-2010,73529472,804.52,60.10
Nelson,2009-2010,15563415,1002.89,74.92
NewKent,2009-2010,17927879,1003.95,75.00
Northampton,2009-2010,14176968,1059.54,79.15
Northumberland,2009-2010,11323757,844.96,63.12
Nottoway,2009-2010,16464513,1035.95,77.39
Orange,2009-2010,34938902,1031.11,77.03
Page,2009-2010,28274559,1169.59,87.38
Patrick,2009-2010,17906735,919.76,68.71
Pittsylvania,2009-2010,60609373,966.45,72.20
Powhatan,2009-2010,33074887,1176.81,87.91
PrinceEdward,2009-2010,21367135,993.64,74.23
PrinceGeorge,2009-2010,44016987,1146.47,85.65
PrinceWilliam,2009-2010,597349000,1543.80,115.33
Pulaski,2009-2010,33407493,977.78,73.05
Rappahannock,2009-2010,8008022,1133.28,84.66
Richmond,2009-2010,9434537,962.98,71.94
Roanoke,2009-2010,101859623,1095.37,81.83
Rockbridge,2009-2010,22298743,1017.96,76.05
Rockingham,2009-2010,88939873,1170.84,87.47
Russell,2009-2010,30140955,1023.72,76.48
Scott,2009-2010,28914575,1190.02,88.90
Shenandoah,2009-2010,46588321,1121.67,83.80
Smyth,2009-2010,36280520,1130.54,84.46
Southampton,2009-2010,20220242,1085.95,81.13
Spotsylvania,2009-2010,173761587,1426.51,106.57
Stafford,2009-2010,192490791,1529.02,114.23
Surry,2009-2010,11479675,1602.44,119.71
Sussex,2009-2010,13295040,1088.44,81.31
Tazewell,2009-2010,44480396,998.70,74.61
Warren,2009-2010,35513800,973.72,72.74
Washington,2009-2010,54062236,993.00,74.18
Westmoreland,2009-2010,12587040,718.63,53.69
Wise,2009-2010,54840134,1317.07,98.39
Wythe,2009-2010,32115324,1145.79,85.60
York,2009-2010,95163031,1442.66,107.78
Alexandria,2008-2009,161756020,1141.23,88.55
Bedford,2008-2009,5649578,928.68,72.06
Bristol,2008-2009,19234225,1080.96,83.88
BuenaVista,2008-2009,8375207,1278.09,99.17
Charlottesville,2008-2009,47943555,1189.16,92.27
Chesapeake,2008-2009,335249636,1524.14,118.26
ColonialHeights,2008-2009,26253950,1488.47,115.50
Covington,2008-2009,8037077,1349.23,104.69
Danville,2008-2009,55291262,1222.40,94.85
Emporia,2008-2009,5578028,951.71,73.85
Fairfax,2008-2009,29526394,1195.32,92.75
FallsChurch,2008-2009,27106258,2314.57,179.60
Franklin,2008-2009,12595616,1506.25,116.87
Fredericksburg,2008-2009,26461023,1155.42,89.65
Galax,2008-2009,9073825,1334.77,103.57
Hampton,2008-2009,185564414,1281.98,99.47
Harrisonburg,2008-2009,44111062,940.61,72.99
Hopewell,2008-2009,33572466,1439.28,111.68
Lexington,2008-2009,4741856,651.16,50.53
Lynchburg,2008-2009,74034537,1022.98,79.38
Manassas,2008-2009,65530601,1809.57,140.41
ManassasPark,2008-2009,21429825,1527.82,118.55
Martinsville,2008-2009,16429218,1106.98,85.89
NewportNews,2008-2009,247399906,1354.94,105.13
Norfolk,2008-2009,286864809,1206.51,93.62
Norton,2008-2009,5862142,1446.01,112.20
Petersburg,2008-2009,38272791,1254.30,97.33
Poquoson,2008-2009,17843251,1501.83,116.53
Portsmouth,2008-2009,125509390,1279.10,99.25
Radford,2008-2009,12076722,797.57,61.89
Richmond,2008-2009,247996955,1251.86,97.14
Roanoke,2008-2009,117002519,1254.00,97.30
Salem,2008-2009,32733460,1300.85,100.94
Staunton,2008-2009,25102686,1069.41,82.98
Suffolk,2008-2009,110748910,1334.23,103.53
VirginiaBeach,2008-2009,583374739,1342.91,104.20
Waynesboro,2008-2009,24075088,1162.38,90.19
Williamsburg,2008-2009,6012847,443.04,34.38
Winchester,2008-2009,39541341,1498.77,116.29
Accomack,2008-2009,38109210,962.85,70.93
Albemarle,2008-2009,121390729,1274.48,93.88
Alleghany,2008-2009,22288397,1320.03,97.24
Amelia,2008-2009,12714965,967.10,71.24
Amherst,2008-2009,35175278,1071.14,78.90
Appomattox,2008-2009,15205938,1038.01,76.46
Arlington,2008-2009,296887552,1400.16,103.14
Augusta,2008-2009,85166582,1181.00,87.00
Bath,2008-2009,6480186,1365.59,100.59
Bedford,2008-2009,66465732,994.16,73.23
Bland,2008-2009,6436720,903.85,66.58
Botetourt,2008-2009,37520668,1126.77,83.00
Brunswick,2008-2009,18418704,995.36,73.32
Buchanan,2008-2009,27786021,1129.89,83.23
Buckingham,2008-2009,16912908,1005.87,74.10
Campbell,2008-2009,60631152,1138.89,83.89
Caroline,2008-2009,29254752,1035.74,76.30
Carroll,2008-2009,30592977,1009.68,74.38
CharlesCity,2008-2009,8172024,1168.73,86.09
Charlotte,2008-2009,16710356,1318.66,97.14
Chesterfield,2008-2009,422437210,1373.36,101.17
Clarke,2008-2009,15593898,1077.57,79.38
Craig,2008-2009,4973937,954.57,70.32
Culpeper,2008-2009,54203849,1130.70,83.29
Cumberland,2008-2009,12670272,1267.62,93.38
Dickenson,2008-2009,18993428,1152.59,84.90
Dinwiddie,2008-2009,32976000,1211.93,89.27
Essex,2008-2009,12276925,1115.80,82.19
Fairfax,2008-2009,1744362158,1682.98,123.97
Fauquier,2008-2009,99051473,1463.04,107.77
Floyd,2008-2009,14258633,924.78,68.12
Fluvanna,2008-2009,30664613,1150.57,84.75
Franklin,2008-2009,57214144,1070.42,78.85
Frederick,2008-2009,105434229,1399.42,103.09
Giles,2008-2009,17760982,1066.83,78.59
Gloucester,2008-2009,44817512,1222.95,90.09
Goochland,2008-2009,20375693,950.33,70.00
Grayson,2008-2009,16863158,1038.17,76.47
Greene,2008-2009,23020920,1271.00,93.63
Greensville,2008-2009,1623010,130.36,9.60
Halifax,2008-2009,44132734,1223.13,90.10
Hanover,2008-2009,140988831,1429.56,105.31
Henrico,2008-2009,359583998,1212.80,89.34
Henry,2008-2009,56462083,1049.57,77.31
Highland,2008-2009,3022572,1330.06,97.98
IsleofWight,2008-2009,42749768,1222.24,90.03
JamesCity,2008-2009,85891774,1348.47,99.33
King&Queen,2008-2009,7717038,1156.06,85.16
KingGeorge,2008-2009,26049206,1090.33,80.32
KingWilliam,2008-2009,16878759,1042.92,76.82
Lancaster,2008-2009,10780875,914.39,67.36
Lee,2008-2009,29966669,1170.80,86.24
Loudoun,2008-2009,586362312,1966.91,144.89
Louisa,2008-2009,35724367,1084.99,79.92
Lunenburg,2008-2009,13034865,982.46,72.37
Madison,2008-2009,13233228,948.60,69.88
Mathews,2008-2009,9506544,1000.55,73.70
Mecklenburg,2008-2009,34887991,1080.00,79.56
Middlesex,2008-2009,8984333,862.92,63.57
Montgomery,2008-2009,73701788,806.41,59.40
Nelson,2008-2009,15751555,1015.02,74.77
NewKent,2008-2009,18788308,1052.14,77.50
Northampton,2008-2009,13978821,1044.73,76.96
Northumberland,2008-2009,12283684,916.59,67.52
Nottoway,2008-2009,17056446,1073.19,79.05
Orange,2008-2009,34404098,1015.33,74.79
Page,2008-2009,28157725,1164.76,85.80
Patrick,2008-2009,18540207,952.30,70.15
Pittsylvania,2008-2009,61309084,977.61,72.01
Powhatan,2008-2009,33792086,1202.32,88.57
PrinceEdward,2008-2009,21111099,981.74,72.32
PrinceGeorge,2008-2009,45513362,1185.45,87.32
PrinceWilliam,2008-2009,596706000,1542.14,113.60
Pulaski,2008-2009,33205365,971.87,71.59
Rappahannock,2008-2009,8280274,1171.81,86.32
Richmond,2008-2009,9480573,967.68,71.28
Roanoke,2008-2009,110273420,1185.85,87.35
Rockbridge,2008-2009,22937863,1047.13,77.13
Rockingham,2008-2009,95077053,1251.64,92.20
Russell,2008-2009,31005323,1053.08,77.57
Scott,2008-2009,29181795,1201.02,88.47
Shenandoah,2008-2009,48187603,1160.17,85.46
Smyth,2008-2009,37356947,1164.08,85.75
Southampton,2008-2009,20687979,1111.07,81.85
Spotsylvania,2008-2009,179400344,1472.80,108.49
Stafford,2008-2009,189533566,1505.53,110.90
Surry,2008-2009,11708456,1634.37,120.39
Sussex,2008-2009,14151429,1158.55,85.34
Tazewell,2008-2009,46232065,1038.03,76.46
Warren,2008-2009,36151721,991.21,73.02
Washington,2008-2009,54729397,1005.25,74.05
Westmoreland,2008-2009,12541064,716.00,52.74
Wise,2008-2009,55097541,1323.25,97.47
Wythe,2008-2009,31013024,1106.46,81.51
York,2008-2009,93981262,1424.75,104.95
Alexandria,2007-2008,155163054,1124.80,88.09
Bedford,2007-2008,5869350,923.50,72.33
Bristol,2007-2008,18811203,1078.74,84.48
BuenaVista,2007-2008,8361907,1283.46,100.52
Charlottesville,2007-2008,48146354,1214.66,95.13
Chesapeake,2007-2008,339703539,1568.19,122.81
ColonialHeights,2007-2008,26455727,1495.25,117.10
Covington,2007-2008,8006488,1352.34,105.91
Danville,2007-2008,53182065,1177.83,92.24
Emporia,2007-2008,5800908,1042.26,81.63
Fairfax,2007-2008,29643710,1235.85,96.79
FallsChurch,2007-2008,25963005,2277.64,178.38
Franklin,2007-2008,12363634,1490.96,116.77
Fredericksburg,2007-2008,25719141,1140.85,89.35
Galax,2007-2008,8778229,1309.10,102.52
Hampton,2007-2008,181364575,1257.70,98.50
Harrisonburg,2007-2008,40454139,886.53,69.43
Hopewell,2007-2008,32010211,1375.99,107.76
Lexington,2007-2008,4661586,646.50,50.63
Lynchburg,2007-2008,71428061,1009.81,79.08
Manassas,2007-2008,62035422,1712.51,134.12
ManassasPark,2007-2008,22113321,1573.88,123.26
Martinsville,2007-2008,17823640,1238.35,96.98
NewportNews,2007-2008,234184973,1294.00,101.34
Norfolk,2007-2008,285213247,1213.20,95.01
Norton,2007-2008,5556413,1335.22,104.57
Petersburg,2007-2008,37917770,1243.67,97.40
Poquoson,2007-2008,18018594,1528.16,119.68
Portsmouth,2007-2008,125181477,1282.61,100.45
Radford,2007-2008,11445983,734.45,57.52
Richmond,2007-2008,244043654,1248.54,97.78
Roanoke,2007-2008,111602464,1208.55,94.65
Salem,2007-2008,31300777,1264.75,99.05
Staunton,2007-2008,24785427,1073.08,84.04
Suffolk,2007-2008,100985156,1232.93,96.56
VirginiaBeach,2007-2008,578155660,1340.03,104.95
Waynesboro,2007-2008,23598614,1144.81,89.66
Williamsburg,2007-2008,6493025,486.22,38.08
Winchester,2007-2008,37946084,1447.81,113.39
Accomack,2007-2008,39557954,1015.14,75.32
Albemarle,2007-2008,117854203,1258.22,93.36
Alleghany,2007-2008,21504239,1280.37,95.00
Amelia,2007-2008,12635326,971.73,72.10
Amherst,2007-2008,33794153,1044.93,77.53
Appomattox,2007-2008,14889059,1032.99,76.65
Arlington,2007-2008,288999012,1397.33,103.68
Augusta,2007-2008,82696254,1155.20,85.72
Bath,2007-2008,7057031,1495.59,110.97
Bedford,2007-2008,65420114,987.12,73.24
Bland,2007-2008,6247689,886.06,65.75
Botetourt,2007-2008,36277231,1100.78,81.68
Brunswick,2007-2008,17292588,939.17,69.69
Buchanan,2007-2008,26709292,1098.61,81.52
Buckingham,2007-2008,15686257,947.99,70.34
Campbell,2007-2008,59865445,1138.23,84.46
Caroline,2007-2008,28533039,1024.96,76.05
Carroll,2007-2008,29279583,971.95,72.12
CharlesCity,2007-2008,8643552,1251.26,92.84
Charlotte,2007-2008,16591774,1332.31,98.86
Chesterfield,2007-2008,412534522,1359.09,100.84
Clarke,2007-2008,15250195,1049.31,77.86
Craig,2007-2008,4912552,937.22,69.54
Culpeper,2007-2008,52687530,1108.81,82.27
Cumberland,2007-2008,11570804,1178.33,87.43
Dickenson,2007-2008,18489667,1124.58,83.44
Dinwiddie,2007-2008,31637847,1178.63,87.46
Essex,2007-2008,11981154,1116.39,82.84
Fairfax,2007-2008,1727804504,1698.39,126.02
Fauquier,2007-2008,94259616,1411.06,104.70
Floyd,2007-2008,14060638,931.52,69.12
Fluvanna,2007-2008,28554388,1082.07,80.29
Franklin,2007-2008,54059063,1023.04,75.91
Frederick,2007-2008,103763651,1404.36,104.20
Giles,2007-2008,17685710,1070.71,79.45
Gloucester,2007-2008,43147602,1194.94,88.66
Goochland,2007-2008,18693880,894.30,66.36
Grayson,2007-2008,15280934,946.52,70.23
Greene,2007-2008,22113008,1236.65,91.76
Greensville,,2849761,227.78,16.90
Halifax,2007-2008,43510890,1210.24,89.80
Hanover,2007-2008,133433014,1364.56,101.25
Henrico,2007-2008,350653908,1201.83,89.18
Henry,2007-2008,54027237,1002.94,74.42
Highland,2007-2008,3144825,1377.90,102.24
IsleofWight,2007-2008,40344006,1173.69,87.09
JamesCity,2007-2008,84322042,1354.86,100.53
King&Queen,2007-2008,7860485,1133.43,84.10
KingGeorge,2007-2008,23610532,1025.26,76.07
KingWilliam,2007-2008,15577424,988.11,73.32
Lancaster,2007-2008,11200892,952.94,70.71
Lee,2007-2008,29224729,1154.60,85.67
Loudoun,2007-2008,570423826,1982.78,147.12
Louisa,2007-2008,34046389,1056.33,78.38
Lunenburg,2007-2008,12434057,944.96,70.12
Madison,2007-2008,13464599,973.41,72.23
Mathews,2007-2008,8993234,954.86,70.85
Mecklenburg,2007-2008,33827747,1051.01,77.99
Middlesex,2007-2008,8892082,865.21,64.20
Montgomery,2007-2008,70184041,775.37,57.53
Nelson,2007-2008,15747724,1011.07,75.02
NewKent,2007-2008,17471483,1001.81,74.33
Northampton,2007-2008,15293271,1153.84,85.62
Northumberland,2007-2008,12251172,925.89,68.70
Nottoway,2007-2008,16467970,1061.64,78.77
Orange,2007-2008,34974661,1056.49,78.39
Page,2007-2008,26783728,1117.56,82.92
Patrick,2007-2008,18350124,955.18,70.88
Pittsylvania,2007-2008,59363057,953.57,70.76
Powhatan,2007-2008,32440091,1177.50,87.37
PrinceEdward,2007-2008,20882112,971.04,72.05
PrinceGeorge,2007-2008,41163807,1091.22,80.97
PrinceWilliam,2007-2008,593379000,1566.01,116.20
Pulaski,2007-2008,31257498,908.89,67.44
Rappahannock,2007-2008,8549978,1234.64,91.61
Richmond,2007-2008,9090846,930.11,69.01
Roanoke,2007-2008,105077290,1152.20,85.49
Rockbridge,2007-2008,22062983,1009.33,74.89
Rockingham,2007-2008,87885001,1174.38,87.14
Russell,2007-2008,29579973,1020.43,75.72
Scott,2007-2008,31530565,1306.72,96.96
Shenandoah,2007-2008,45237392,1096.62,81.37
Smyth,2007-2008,36995687,1160.89,86.14
Southampton,2007-2008,20482185,1063.36,78.90
Spotsylvania,2007-2008,176004595,1459.23,108.28
Stafford,2007-2008,188240749,1521.87,112.92
Surry,2007-2008,10844307,1526.08,113.24
Sussex,2007-2008,14050757,1165.29,86.46
Tazewell,2007-2008,46389263,1049.15,77.85
Warren,2007-2008,35665193,987.93,73.31
Washington,2007-2008,53687385,1008.72,74.85
Westmoreland,2007-2008,12208549,709.59,52.65
Wise,2007-2008,51861961,1261.31,93.59
Wythe,2007-2008,30075334,1076.94,79.91
York,2007-2008,87868604,1361.75,101.04
Alexandria,2006-2007,152608999,1116.12,89.68
Bedford,2006-2007,5655372,925.44,74.36
Bristol,2006-2007,18136936,1042.77,83.78
BuenaVista,2006-2007,8354276,1275.07,102.45
Charlottesville,2006-2007,47244367,1144.65,91.97
Chesapeake,2006-2007,322258097,1488.02,119.56
ColonialHeights,2006-2007,24181662,1384.74,111.26
Covington,2006-2007,7825606,1334.29,107.21
Danville,2006-2007,51732129,1139.85,91.58
Emporia,2006-2007,6082394,1087.89,87.41
Fairfax,2006-2007,26434176,1138.67,91.49
FallsChurch,2006-2007,24973042,2213.92,177.88
Franklin,2006-2007,11915159,1401.62,112.62
Fredericksburg,2006-2007,24643476,1109.17,89.12
Galax,2006-2007,8856995,1304.23,104.79
Hampton,2006-2007,171995324,1179.16,94.74
Harrisonburg,2006-2007,39032782,873.08,70.15
Hopewell,2006-2007,30476981,1342.89,107.90
Lexington,2006-2007,4460878,614.36,49.36
Lynchburg,2006-2007,67660996,970.22,77.95
Manassas,2006-2007,62642388,1714.91,137.79
ManassasPark,2006-2007,21145981,1515.84,121.79
Martinsville,2006-2007,18096240,1238.54,99.51
NewportNews,2006-2007,230522860,1263.29,101.50
Norfolk,2006-2007,278271879,1179.18,94.74
Norton,2006-2007,5177262,1373.64,110.37
Petersburg,2006-2007,38670637,1224.22,98.36
Poquoson,2006-2007,17061283,1427.96,114.73
Portsmouth,2006-2007,122629529,1244.43,99.99
Radford,2006-2007,10896720,698.82,56.15
Richmond,2006-2007,245589607,1257.50,101.04
Roanoke,2006-2007,106551386,1139.54,91.56
Salem,2006-2007,31307865,1250.31,100.46
Staunton,2006-2007,24048857,1048.47,84.24
Suffolk,2006-2007,95900146,1180.91,94.88
VirginiaBeach,2006-2007,580769965,1341.17,107.76
Waynesboro,2006-2007,22225995,1089.24,87.52
Williamsburg,2006-2007,5771874,435.78,35.01
Winchester,2006-2007,36086628,1393.52,111.97
Accomack,2006-2007,38806365,996.57,78.23
Albemarle,2006-2007,108847632,1162.89,91.29
Alleghany,2006-2007,20812355,1212.84,95.21
Amelia,2006-2007,12018572,941.67,73.92
Amherst,2006-2007,33192003,1007.90,79.12
Appomattox,2006-2007,14419163,991.48,77.84
Arlington,2006-2007,269342005,1338.92,105.11
Augusta,2006-2007,79897236,1129.34,88.66
Bath,2006-2007,6943146,1398.70,109.80
Bedford,2006-2007,63950961,962.29,75.54
Bland,2006-2007,5780217,807.86,63.42
Botetourt,2006-2007,34731345,1047.99,82.27
Brunswick,2006-2007,16936084,914.67,71.81
Buchanan,2006-2007,25154381,1058.15,83.07
Buckingham,2006-2007,14740314,901.99,70.81
Campbell,2006-2007,58228203,1117.37,87.72
Caroline,2006-2007,27600167,1039.28,81.59
Carroll,2006-2007,28753283,950.49,74.62
CharlesCity,2006-2007,7987113,1129.56,88.67
Charlotte,2006-2007,14561722,1146.95,90.04
Chesterfield,2006-2007,375069988,1255.59,98.57
Clarke,2006-2007,14977915,1056.64,82.95
Craig,2006-2007,5158706,977.95,76.77
Culpeper,2006-2007,49834537,1095.14,85.97
Cumberland,2006-2007,12191267,1241.60,97.47
Dickenson,2006-2007,17412157,1102.11,86.52
Dinwiddie,2006-2007,27664126,1059.12,83.14
Essex,2006-2007,11418917,1060.35,83.24
Fairfax,2006-2007,1614327587,1594.38,125.16
Fauquier,2006-2007,92052176,1409.27,110.63
Floyd,2006-2007,13780858,912.16,71.61
Fluvanna,2006-2007,26985570,1035.64,81.30
Franklin,2006-2007,52343326,1002.71,78.72
Frederick,2006-2007,96510860,1322.99,103.86
Giles,2006-2007,17015816,1024.80,80.45
Gloucester,2006-2007,41896643,1148.20,90.14
Goochland,2006-2007,17739372,867.88,68.13
Grayson,2006-2007,15153498,936.04,73.48
Greene,2006-2007,20846308,1176.83,92.39
Greensville,2006-2007,3094653,256.63,20.15
Halifax,2006-2007,41628532,1134.57,89.07
Hanover,2006-2007,124847457,1279.58,100.45
Henrico,2006-2007,322827628,1114.01,87.45
Henry,2006-2007,52904261,957.04,75.13
Highland,2006-2007,2817783,1181.96,92.79
IsleofWight,2006-2007,37287742,1109.36,87.09
JamesCity,2006-2007,74191300,1201.69,94.34
King&Queen,2006-2007,7940991,1140.62,89.54
KingGeorge,2006-2007,22903678,1031.46,80.97
KingWilliam,2006-2007,14508762,947.36,74.37
Lancaster,2006-2007,11001527,933.12,73.25
Lee,2006-2007,28263420,1184.06,92.95
Loudoun,2006-2007,494002970,1792.49,140.72
Louisa,2006-2007,31939302,1024.45,80.42
Lunenburg,2006-2007,12841772,968.31,76.02
Madison,2006-2007,13143396,950.49,74.62
Mathews,2006-2007,8525280,895.51,70.30
Mecklenburg,2006-2007,33977676,1032.94,81.09
Middlesex,2006-2007,8793718,854.92,67.11
Montgomery,2006-2007,65965539,742.57,58.29
Nelson,2006-2007,15133690,997.47,78.31
NewKent,2006-2007,16594167,971.10,76.23
Northampton,2006-2007,15917453,1205.05,94.60
Northumberland,2006-2007,11413158,865.29,67.93
Nottoway,2006-2007,15887332,1016.79,79.82
Orange,2006-2007,32511214,1004.55,78.86
Page,2006-2007,25638441,1050.28,82.45
Patrick,2006-2007,18044740,928.99,72.93
Pittsylvania,2006-2007,58256685,943.72,74.09
Powhatan,2006-2007,31129489,1134.13,89.03
PrinceEdward,2006-2007,20260577,953.26,74.83
PrinceGeorge,2006-2007,39374279,1074.42,84.35
PrinceWilliam,2006-2007,552999000,1486.80,116.72
Pulaski,2006-2007,29802635,851.58,66.85
Rappahannock,2006-2007,8281942,1151.39,90.39
Richmond,2006-2007,8557904,941.05,73.88
Roanoke,2006-2007,100493957,1105.52,86.79
Rockbridge,2006-2007,21022694,951.73,74.71
Rockingham,2006-2007,85859647,1157.76,90.89
Russell,2006-2007,27571044,957.49,75.17
Scott,2006-2007,25465156,1066.38,83.71
Shenandoah,2006-2007,43745972,1074.47,84.35
Smyth,2006-2007,35531702,1102.07,86.52
Southampton,2006-2007,19995523,1090.57,85.61
Spotsylvania,2006-2007,167540896,1397.26,109.69
Stafford,2006-2007,165052731,1371.02,107.63
Surry,2006-2007,10321313,1432.52,112.46
Sussex,2006-2007,15460727,1271.96,99.85
Tazewell,2006-2007,46077021,1071.68,84.13
Warren,2006-2007,36026433,1005.51,78.94
Washington,2006-2007,51712733,976.19,76.63
Westmoreland,2006-2007,12119670,717.78,56.35
Wise,2006-2007,49198729,1206.62,94.72
Wythe,2006-2007,28700880,1031.77,81.00
York,2006-2007,85128869,1347.32,105.77
