Alexandria,2012-2013,9742964,66.10,92.05
Bedford,2012-2013,601430,97.44,135.69
Bristol,2012-2013,719520,40.65,56.60
BuenaVista,2012-2013,313707,46.72,65.06
Charlottesville,2012-2013,2542678,56.41,78.55
Chesapeake,2012-2013,24413037,106.98,148.96
ColonialHeights,2012-2013,828163,46.99,65.43
Covington,2012-2013,332094,51.73,72.03
Danville,2012-2013,2738909,63.11,87.88
Emporia,2012-2013,814200,137.26,191.12
Fairfax,2012-2013,2290625,97.45,135.70
FallsChurch,2012-2013,1335180,103.02,143.46
Franklin,2012-2013,540528,61.15,85.15
Fredericksburg,2012-2013,1508072,57.95,80.69
Galax,2012-2013,410501,57.20,79.66
Hampton,2012-2013,10153187,73.12,101.82
Harrisonburg,2012-2013,2885464,56.73,79.00
Hopewell,2012-2013,1141369,49.96,69.57
Lexington,2012-2013,-1,-1,-1
Lynchburg,2012-2013,5302069,68.68,95.63
Manassas,2012-2013,3699482,92.71,129.10
ManassasPark,2012-2013,1112079,74.95,104.36
Martinsville,2012-2013,933291,67.10,93.44
NewportNews,2012-2013,17555957,95.76,133.34
Norfolk,2012-2013,13435433,54.66,76.11
Norton,2012-2013,152713,36.42,50.72
Petersburg,2012-2013,1887507,57.00,79.38
Poquoson,2012-2013,816454,66.43,92.50
Portsmouth,2012-2013,5579797,57.26,79.73
Radford,2012-2013,313708,18.77,26.14
Richmond,2012-2013,12149807,58.18,81.01
Roanoke,2012-2013,9669554,98.03,136.50
Salem,2012-2013,1283001,50.78,70.71
Staunton,2012-2013,856326,34.93,48.65
Suffolk,2012-2013,7955990,92.02,128.13
VirginiaBeach,2012-2013,30899605,69.05,96.15
Waynesboro,2012-2013,1195158,55.91,77.85
Williamsburg,2012-2013,628589,43.34,60.35
Winchester,2012-2013,1954527,71.84,100.03
Accomack,2012-2013,2857582,85.24,78.41
Albemarle,2012-2013,8710017,85.75,78.88
Alleghany,2012-2013,1959264,122.94,113.09
Amelia,2012-2013,1393413,109.55,100.77
Amherst,2012-2013,3021332,92.87,85.43
Appomattox,2012-2013,1342109,88.38,81.30
Arlington,2012-2013,15252609,69.15,63.61
Augusta,2012-2013,6269533,84.94,78.13
Bath,2012-2013,925929,193.99,178.45
Bedford,2012-2013,6356144,91.28,83.96
Bland,2012-2013,645348,95.37,87.72
Botetourt,2012-2013,3104286,93.24,85.77
Brunswick,2012-2013,1893327,108.84,100.12
Buchanan,2012-2013,2518592,104.99,96.57
Buckingham,2012-2013,1992795,115.22,105.98
Campbell,2012-2013,5754534,104.57,96.19
Caroline,2012-2013,2867563,98.49,90.60
Carroll,2012-2013,2901158,96.78,89.03
CharlesCity,2012-2013,802953,111.83,102.87
Charlotte,2012-2013,1897385,151.07,138.96
Chesterfield,2012-2013,30911037,95.88,88.20
Clarke,2012-2013,1234724,86.49,79.56
Craig,2012-2013,438284,83.36,76.68
Culpeper,2012-2013,3987880,83.55,76.85
Cumberland,2012-2013,1280115,126.18,116.07
Dickenson,2012-2013,1884666,119.68,110.09
Dinwiddie,2012-2013,2897677,102.34,94.14
Essex,2012-2013,1118328,99.83,91.83
Fairfax,2012-2013,127258010,114.41,105.24
Fauquier,2012-2013,9353599,141.44,130.11
Floyd,2012-2013,1670181,107.46,98.85
Fluvanna,2012-2013,2377175,91.31,84.00
Franklin,2012-2013,6732123,118.91,109.38
Frederick,2012-2013,8045868,100.43,92.38
Giles,2012-2013,1252140,71.61,65.87
Gloucester,2012-2013,4035748,109.15,100.40
Goochland,2012-2013,2097494,99.08,91.14
Grayson,2012-2013,1755242,114.12,104.97
Greene,2012-2013,2066854,109.61,100.83
Greensville,2012-2013,815177,67.17,61.79
Halifax,2012-2013,5327999,147.01,135.23
Hanover,2012-2013,9794980,96.67,88.92
Henrico,2012-2013,29507529,93.71,86.20
Henry,2012-2013,5010262,92.97,85.52
Highland,2012-2013,261447,114.27,105.11
IsleofWight,2012-2013,3266223,90.28,83.04
JamesCity,2012-2013,6899418,99.21,91.26
King&Queen,2012-2013,957674,128.94,118.61
KingGeorge,2012-2013,2466375,103.00,94.75
KingWilliam,2012-2013,1898217,118.53,109.04
Lancaster,2012-2013,1065784,93.83,86.31
Lee,2012-2013,1973934,76.79,70.64
Loudoun,2012-2013,61130465,183.44,168.74
Louisa,2012-2013,4556489,135.18,124.35
Lunenburg,2012-2013,1075126,83.22,76.55
Madison,2012-2013,1489082,110.53,101.67
Mathews,2012-2013,861301,96.96,89.19
Mecklenburg,2012-2013,2867648,89.13,81.99
Middlesex,2012-2013,1017595,92.43,85.03
Montgomery,2012-2013,4612729,48.24,44.37
Nelson,2012-2013,2177582,144.42,132.85
NewKent,2012-2013,2717879,141.14,129.83
Northampton,2012-2013,1813719,145.79,134.10
Northumberland,2012-2013,1206410,96.78,89.02
Nottoway,2012-2013,1307817,82.49,75.88
Orange,2012-2013,4158162,122.30,112.50
Page,2012-2013,2218313,91.61,84.27
Patrick,2012-2013,1980680,105.97,97.48
Pittsylvania,2012-2013,6716905,106.41,97.88
Powhatan,2012-2013,3847308,135.50,124.64
PrinceEdward,2012-2013,1575426,67.38,61.98
PrinceGeorge,2012-2013,4139869,115.27,106.03
PrinceWilliam,2012-2013,56494000,134.14,123.39
Pulaski,2012-2013,2255275,65.18,59.96
Rappahannock,2012-2013,990339,132.81,122.16
Richmond,2012-2013,759792,81.55,75.01
Roanoke,2012-2013,6424269,68.89,63.37
Rockbridge,2012-2013,2014463,91.19,83.89
Rockingham,2012-2013,9059062,116.81,107.45
Russell,2012-2013,2611543,90.40,83.15
Scott,2012-2013,1770326,75.51,69.46
Shenandoah,2012-2013,4330380,101.15,93.04
Smyth,2012-2013,2663036,82.93,76.28
Southampton,2012-2013,2876447,154.00,141.66
Spotsylvania,2012-2013,18303681,146.99,135.21
Stafford,2012-2013,13419206,101.11,93.01
Surry,2012-2013,1016822,146.79,135.03
Sussex,2012-2013,2000005,164.76,151.56
Tazewell,2012-2013,3447651,77.14,70.96
Warren,2012-2013,2268999,59.59,54.81
Washington,2012-2013,5220110,94.09,86.55
Westmoreland,2012-2013,2151298,121.52,111.78
Wise,2012-2013,3053843,74.86,68.86
Wythe,2012-2013,2663114,90.08,82.86
York,2012-2013,7000548,105.39,96.94
Alexandria,2011-2012,9090412,63.36,84.65
Bedford,2011-2012,532542,86.78,115.92
Bristol,2011-2012,637858,35.88,47.93
BuenaVista,2011-2012,349755,50.83,67.90
Charlottesville,2011-2012,2509327,56.43,75.38
Chesapeake,2011-2012,25739374,113.94,152.22
ColonialHeights,2011-2012,778502,44.34,59.24
Covington,2011-2012,320702,52.64,70.33
Danville,2011-2012,2331655,53.81,71.88
Emporia,2011-2012,779583,131.11,175.15
Fairfax,2011-2012,2047909,89.56,119.65
FallsChurch,2011-2012,1063268,84.61,113.03
Franklin,2011-2012,584581,67.35,89.97
Fredericksburg,2011-2012,1400036,54.94,73.39
Galax,2011-2012,410888,57.67,77.04
Hampton,2011-2012,9811510,71.42,95.41
Harrisonburg,2011-2012,2748056,54.90,73.34
Hopewell,2011-2012,1050111,46.10,61.59
Lexington,2011-2012,-1,-1,-1
Lynchburg,2011-2012,5308933,69.45,92.77
Manassas,2011-2012,3609039,92.40,123.43
ManassasPark,2011-2012,1828617,125.76,168.01
Martinsville,2011-2012,898948,64.66,86.38
NewportNews,2011-2012,23322315,128.83,172.11
Norfolk,2011-2012,10638617,43.60,58.25
Norton,2011-2012,194445,47.44,63.37
Petersburg,2011-2012,2303542,69.91,93.40
Poquoson,2011-2012,819545,66.96,89.45
Portsmouth,2011-2012,6991105,72.55,96.91
Radford,2011-2012,364971,22.08,29.49
Richmond,2011-2012,13603147,65.96,88.11
Roanoke,2011-2012,9969823,102.56,137.02
Salem,2011-2012,1405695,56.30,75.21
Staunton,2011-2012,951134,39.27,52.46
Suffolk,2011-2012,8693089,101.45,135.52
VirginiaBeach,2011-2012,29646846,67.19,89.76
Waynesboro,2011-2012,980442,46.47,62.08
Williamsburg,2011-2012,620932,43.56,58.19
Winchester,2011-2012,1598438,61.09,81.61
Accomack,2011-2012,2950662,88.52,84.12
Albemarle,2011-2012,8930848,88.62,84.21
Alleghany,2011-2012,1891198,116.88,111.08
Amelia,2011-2012,1377456,107.27,101.94
Amherst,2011-2012,2948286,90.73,86.22
Appomattox,2011-2012,1301374,86.64,82.33
Arlington,2011-2012,15044273,70.18,66.69
Augusta,2011-2012,6030275,81.72,77.66
Bath,2011-2012,799045,166.57,158.30
Bedford,2011-2012,6229859,89.79,85.33
Bland,2011-2012,564384,83.64,79.48
Botetourt,2011-2012,3283842,98.32,93.44
Brunswick,2011-2012,1925062,110.64,105.14
Buchanan,2011-2012,2961297,123.36,117.23
Buckingham,2011-2012,1956399,114.12,108.45
Campbell,2011-2012,4340804,79.27,75.33
Caroline,2011-2012,3384576,117.41,111.58
Carroll,2011-2012,2899902,97.48,92.64
CharlesCity,2011-2012,746640,102.42,97.33
Charlotte,2011-2012,1552809,123.58,117.44
Chesterfield,2011-2012,28735968,89.90,85.43
Clarke,2011-2012,1130500,79.55,75.60
Craig,2011-2012,448030,85.49,81.24
Culpeper,2011-2012,4287641,90.95,86.43
Cumberland,2011-2012,1359469,134.60,127.91
Dickenson,2011-2012,2152644,136.57,129.79
Dinwiddie,2011-2012,3064226,109.37,103.93
Essex,2011-2012,1280195,113.42,107.79
Fairfax,2011-2012,115505219,105.39,100.15
Fauquier,2011-2012,8284427,125.94,119.68
Floyd,2011-2012,1519168,98.11,93.24
Fluvanna,2011-2012,2360264,90.82,86.31
Franklin,2011-2012,6423467,114.09,108.43
Frederick,2011-2012,7826970,98.88,93.97
Giles,2011-2012,1219385,70.57,67.06
Gloucester,2011-2012,3801364,102.78,97.67
Goochland,2011-2012,2087828,95.98,91.21
Grayson,2011-2012,1451007,93.79,89.13
Greene,2011-2012,2409697,126.55,120.26
Greensville,2011-2012,760486,62.69,59.57
Halifax,2011-2012,4336251,119.84,113.89
Hanover,2011-2012,10551454,104.78,99.57
Henrico,2011-2012,26911493,86.60,82.30
Henry,2011-2012,5880262,109.16,103.74
Highland,2011-2012,211963,92.36,87.77
IsleofWight,2011-2012,3204550,90.38,85.89
JamesCity,2011-2012,7063865,102.56,97.47
King&Queen,2011-2012,968510,137.40,130.57
KingGeorge,2011-2012,2516592,107.86,102.50
KingWilliam,2011-2012,1481197,91.66,87.11
Lancaster,2011-2012,1271920,110.96,105.45
Lee,2011-2012,1933414,75.30,71.56
Loudoun,2011-2012,56242717,173.41,164.79
Louisa,2011-2012,4641674,138.74,131.85
Lunenburg,2011-2012,1231868,95.00,90.28
Madison,2011-2012,1450866,108.08,102.71
Mathews,2011-2012,846677,94.74,90.03
Mecklenburg,2011-2012,3931235,119.36,113.43
Middlesex,2011-2012,1156616,104.53,99.34
Montgomery,2011-2012,4462449,46.98,44.64
Nelson,2011-2012,2495442,165.35,157.13
NewKent,2011-2012,2673079,141.98,134.93
Northampton,2011-2012,1373977,110.51,105.02
Northumberland,2011-2012,1277723,102.64,97.54
Nottoway,2011-2012,1391333,87.47,83.12
Orange,2011-2012,3948842,117.12,111.31
Page,2011-2012,2203190,91.21,86.68
Patrick,2011-2012,1916717,102.86,97.75
Pittsylvania,2011-2012,6057303,96.17,91.39
Powhatan,2011-2012,3442559,121.69,115.64
PrinceEdward,2011-2012,1890266,80.38,76.38
PrinceGeorge,2011-2012,4631096,129.26,122.84
PrinceWilliam,2011-2012,55226000,133.23,126.61
Pulaski,2011-2012,2253977,65.08,61.84
Rappahannock,2011-2012,945442,127.59,121.25
Richmond,2011-2012,695346,75.28,71.54
Roanoke,2011-2012,6683223,72.11,68.52
Rockbridge,2011-2012,1922726,86.79,82.47
Rockingham,2011-2012,8438733,109.17,103.75
Russell,2011-2012,3266453,112.58,106.99
Scott,2011-2012,1663597,71.48,67.93
Shenandoah,2011-2012,4310657,102.36,97.27
Smyth,2011-2012,2230911,69.49,66.04
Southampton,2011-2012,3100356,165.67,157.44
Spotsylvania,2011-2012,18554905,149.64,142.21
Stafford,2011-2012,13141073,100.26,95.28
Surry,2011-2012,1082665,155.38,147.66
Sussex,2011-2012,1884899,156.35,148.58
Tazewell,2011-2012,3383949,74.74,71.03
Warren,2011-2012,2170569,57.59,54.73
Washington,2011-2012,4799915,86.99,82.67
Westmoreland,2011-2012,1756694,100.61,95.61
Wise,2011-2012,2846009,69.37,65.93
Wythe,2011-2012,2424366,82.49,78.39
York,2011-2012,7004497,106.17,100.90
Alexandria,2010-2011,8529206,60.94,85.19
Bedford,2010-2011,519446,83.49,116.71
Bristol,2010-2011,576231,32.31,45.17
BuenaVista,2010-2011,331092,49.79,69.60
Charlottesville,2010-2011,3025114,69.58,97.27
Chesapeake,2010-2011,23029169,103.64,144.88
ColonialHeights,2010-2011,692365,39.77,55.59
Covington,2010-2011,407135,68.30,95.48
Danville,2010-2011,2385652,55.41,77.46
Emporia,2010-2011,826231,139.40,194.88
Fairfax,2010-2011,2036718,90.26,126.18
FallsChurch,2010-2011,1182981,95.93,134.10
Franklin,2010-2011,593504,69.16,96.68
Fredericksburg,2010-2011,1335894,55.01,76.90
Galax,2010-2011,374004,53.11,74.25
Hampton,2010-2011,11314152,82.32,115.08
Harrisonburg,2010-2011,2566879,52.48,73.36
Hopewell,2010-2011,1016898,45.01,62.93
Lexington,2010-2011,-1,-1,-1
Lynchburg,2010-2011,4083400,54.04,75.54
Manassas,2010-2011,3474792,91.87,128.44
ManassasPark,2010-2011,841539,58.96,82.42
Martinsville,2010-2011,882926,63.88,89.31
NewportNews,2010-2011,16766395,92.78,129.70
Norfolk,2010-2011,10708625,44.10,61.66
Norton,2010-2011,182939,46.22,64.61
Petersburg,2010-2011,1991132,61.42,85.86
Poquoson,2010-2011,815913,67.15,93.88
Portsmouth,2010-2011,6396152,66.95,93.59
Radford,2010-2011,427938,26.08,36.46
Richmond,2010-2011,10712713,52.46,73.33
Roanoke,2010-2011,9160662,94.41,131.98
Salem,2010-2011,1297304,52.31,73.12
Staunton,2010-2011,1009652,42.52,59.44
Suffolk,2010-2011,9129864,107.94,150.89
VirginiaBeach,2010-2011,33972794,77.56,108.43
Waynesboro,2010-2011,1197062,56.99,79.67
Williamsburg,2010-2011,622697,44.26,61.88
Winchester,2010-2011,1454715,55.52,77.61
Accomack,2010-2011,3637287,109.68,106.86
Albemarle,2010-2011,8795117,88.87,86.58
Alleghany,2010-2011,1818519,111.91,109.03
Amelia,2010-2011,1359400,107.12,104.37
Amherst,2010-2011,2797018,86.45,84.23
Appomattox,2010-2011,1461247,97.59,95.08
Arlington,2010-2011,12295109,59.22,57.69
Augusta,2010-2011,5982382,81.12,79.03
Bath,2010-2011,766008,161.91,157.75
Bedford,2010-2011,7109346,103.52,100.86
Bland,2010-2011,540347,79.18,77.15
Botetourt,2010-2011,3222238,97.21,94.71
Brunswick,2010-2011,2121378,121.68,118.55
Buchanan,2010-2011,2319640,96.26,93.78
Buckingham,2010-2011,1776309,103.60,100.94
Campbell,2010-2011,3955800,72.13,70.28
Caroline,2010-2011,2751659,96.40,93.92
Carroll,2010-2011,2680073,89.21,86.92
CharlesCity,2010-2011,772488,106.46,103.73
Charlotte,2010-2011,1751466,139.16,135.58
Chesterfield,2010-2011,27034858,85.49,83.29
Clarke,2010-2011,1132279,80.68,78.61
Craig,2010-2011,422962,81.50,79.40
Culpeper,2010-2011,4374228,93.69,91.28
Cumberland,2010-2011,1296528,128.98,125.67
Dickenson,2010-2011,2000227,125.78,122.54
Dinwiddie,2010-2011,2810811,100.38,97.80
Essex,2010-2011,1331230,119.38,116.31
Fairfax,2010-2011,113815016,105.22,102.51
Fauquier,2010-2011,8950091,137.27,133.74
Floyd,2010-2011,1528345,100.03,97.46
Fluvanna,2010-2011,2414924,94.00,91.58
Franklin,2010-2011,6032944,107.43,104.66
Frederick,2010-2011,7672378,97.98,95.46
Giles,2010-2011,1158848,67.04,65.32
Gloucester,2010-2011,3743642,101.57,98.96
Goochland,2010-2011,2430781,111.93,109.05
Grayson,2010-2011,1702667,109.62,106.80
Greene,2010-2011,1565851,85.09,82.90
Greensville,2010-2011,1102864,90.08,87.77
Halifax,2010-2011,4554786,125.68,122.45
Hanover,2010-2011,8651858,86.64,84.41
Henrico,2010-2011,23761503,77.42,75.43
Henry,2010-2011,4909555,90.66,88.33
Highland,,244516,105.35,102.64
IsleofWight,2010-2011,3162726,89.67,87.37
JamesCity,2010-2011,7432889,110.92,108.07
King&Queen,2010-2011,1016454,146.36,142.60
KingGeorge,2010-2011,2404342,101.95,99.33
KingWilliam,2010-2011,1390520,87.26,85.02
Lancaster,2010-2011,1238658,108.74,105.94
Lee,2010-2011,2059118,80.48,78.41
Loudoun,2010-2011,59576159,190.76,185.86
Louisa,2010-2011,3900380,117.65,114.62
Lunenburg,2010-2011,1278624,99.01,96.47
Madison,2010-2011,1359608,102.16,99.54
Mathews,2010-2011,809358,90.15,87.83
Mecklenburg,2010-2011,2974703,90.89,88.56
Middlesex,2010-2011,858039,78.30,76.28
Montgomery,2010-2011,4528103,47.97,46.74
Nelson,2010-2011,2258994,150.40,146.53
NewKent,2010-2011,2326796,126.26,123.01
Northampton,2010-2011,1149637,92.79,90.41
Northumberland,2010-2011,1215370,98.57,96.04
Nottoway,2010-2011,1282484,80.90,78.82
Orange,2010-2011,4096882,122.36,119.22
Page,2010-2011,2083136,86.65,84.42
Patrick,2010-2011,1967218,106.39,103.66
Pittsylvania,2010-2011,5667912,89.25,86.96
Powhatan,2010-2011,3250551,115.90,112.92
PrinceEdward,2010-2011,1635355,69.98,68.18
PrinceGeorge,2010-2011,4158179,116.39,113.40
PrinceWilliam,2010-2011,50221000,124.93,121.72
Pulaski,2010-2011,2214333,63.50,61.87
Rappahannock,2010-2011,928277,125.90,122.67
Richmond,2010-2011,816852,88.27,86.00
Roanoke,2010-2011,6531959,70.71,68.89
Rockbridge,2010-2011,1874305,84.02,81.86
Rockingham,2010-2011,8214797,107.64,104.88
Russell,2010-2011,2459017,85.10,82.91
Scott,2010-2011,1595986,68.86,67.09
Shenandoah,2010-2011,3554386,84.64,82.47
Smyth,2010-2011,2180818,67.71,65.97
Southampton,2010-2011,2850362,153.49,149.55
Spotsylvania,2010-2011,17081676,139.56,135.97
Stafford,2010-2011,13266241,102.87,100.23
Surry,2010-2011,1154556,163.58,159.38
Sussex,2010-2011,1965498,162.61,158.43
Tazewell,2010-2011,3218748,71.40,69.57
Warren,2010-2011,2368175,63.03,61.41
Washington,2010-2011,4806379,87.59,85.33
Westmoreland,2010-2011,1720750,98.59,96.05
Wise,2010-2011,2686107,64.80,63.13
Wythe,2010-2011,2418586,82.73,80.60
York,2010-2011,7096665,108.41,105.62
Alexandria,2009-2010,8253438,58.23,81.29
Bedford,2009-2010,496375,81.59,113.91
Bristol,2009-2010,588897,33.10,46.20
BuenaVista,2009-2010,321206,49.02,68.43
Charlottesville,2009-2010,2297628,56.99,79.56
Chesapeake,2009-2010,22143367,100.67,140.54
ColonialHeights,2009-2010,783523,44.42,62.02
Covington,2009-2010,253244,42.51,59.35
Danville,2009-2010,3171474,70.12,97.89
Emporia,2009-2010,794351,135.53,189.21
Fairfax,2009-2010,1870023,75.70,105.69
FallsChurch,2009-2010,836450,71.42,99.71
Franklin,2009-2010,629673,75.30,105.12
Fredericksburg,2009-2010,1196074,52.23,72.91
Galax,2009-2010,518151,76.22,106.41
Hampton,2009-2010,11617986,80.26,112.05
Harrisonburg,2009-2010,2382756,50.81,70.93
Hopewell,2009-2010,995643,42.68,59.59
Lexington,2009-2010,-1,-1,-1
Lynchburg,2009-2010,3508602,48.48,67.68
Manassas,2009-2010,3462632,95.62,133.49
ManassasPark,2009-2010,1894387,135.06,188.55
Martinsville,2009-2010,829769,55.91,78.05
NewportNews,2009-2010,18395786,100.75,140.65
Norfolk,2009-2010,10505594,44.18,61.68
Norton,2009-2010,283388,69.90,97.59
Petersburg,2009-2010,2342845,76.78,107.19
Poquoson,2009-2010,904605,76.14,106.29
Portsmouth,2009-2010,7284758,74.24,103.64
Radford,2009-2010,345107,22.79,31.82
Richmond,2009-2010,9958431,50.27,70.18
Roanoke,2009-2010,8849331,94.84,132.41
Salem,2009-2010,1426359,56.68,79.13
Staunton,2009-2010,842429,35.89,50.10
Suffolk,2009-2010,9982850,120.27,167.90
VirginiaBeach,2009-2010,31595392,72.73,101.54
Waynesboro,2009-2010,952952,46.01,64.23
Williamsburg,2009-2010,595506,43.88,61.26
Winchester,2009-2010,1632713,61.89,86.40
Accomack,2009-2010,2818623,71.21,69.87
Albemarle,2009-2010,8755287,91.92,90.18
Alleghany,2009-2010,1777436,105.27,103.28
Amelia,2009-2010,1357554,103.26,101.30
Amherst,2009-2010,2740318,83.45,81.87
Appomattox,2009-2010,1187315,81.05,79.52
Arlington,2009-2010,12358151,58.28,57.18
Augusta,2009-2010,6172659,85.60,83.98
Bath,2009-2010,761361,160.44,157.41
Bedford,2009-2010,6785401,101.49,99.57
Bland,2009-2010,662781,93.07,91.31
Botetourt,2009-2010,3446395,103.50,101.54
Brunswick,2009-2010,1944087,105.06,103.07
Buchanan,2009-2010,2470532,100.46,98.56
Buckingham,2009-2010,2155901,128.22,125.79
Campbell,2009-2010,4667769,87.68,86.02
Caroline,2009-2010,2573264,91.10,89.38
Carroll,2009-2010,2520237,83.18,81.60
CharlesCity,2009-2010,844579,120.79,118.50
Charlotte,2009-2010,1739380,137.26,134.66
Chesterfield,2009-2010,26784198,87.08,85.43
Clarke,2009-2010,1151460,79.57,78.06
Craig,2009-2010,501894,96.32,94.50
Culpeper,2009-2010,4285437,89.39,87.70
Cumberland,2009-2010,1407704,140.84,138.17
Dickenson,2009-2010,1834846,111.35,109.24
Dinwiddie,2009-2010,2933414,107.81,105.77
Essex,2009-2010,1020873,92.78,91.03
Fairfax,2009-2010,101789782,98.21,96.35
Fauquier,2009-2010,8814344,130.19,127.73
Floyd,2009-2010,1570402,101.85,99.92
Fluvanna,2009-2010,2213381,83.05,81.48
Franklin,2009-2010,5866936,109.76,107.69
Frederick,2009-2010,7828017,103.90,101.93
Giles,2009-2010,1290017,77.49,76.02
Gloucester,2009-2010,4580547,124.99,122.63
Goochland,2009-2010,2250939,104.98,103.00
Grayson,2009-2010,1505617,92.69,90.94
Greene,2009-2010,1570474,86.71,85.07
Greensville,2009-2010,1139318,91.51,89.78
Halifax,2009-2010,4158723,115.26,113.08
Hanover,2009-2010,9241650,93.71,91.93
Henrico,2009-2010,24560198,82.84,81.27
Henry,2009-2010,4757775,88.44,86.77
Highland,2009-2010,288877,127.12,124.71
IsleofWight,2009-2010,2867896,81.99,80.44
JamesCity,2009-2010,7250419,113.83,111.68
King&Queen,2009-2010,943724,141.38,138.70
KingGeorge,2009-2010,2472374,103.48,101.53
KingWilliam,2009-2010,1444978,89.28,87.59
Lancaster,2009-2010,1095094,92.88,91.12
Lee,2009-2010,2143724,83.76,82.17
Loudoun,2009-2010,55032525,184.60,181.11
Louisa,2009-2010,3972334,120.64,118.36
Lunenburg,2009-2010,1209275,91.14,89.42
Madison,2009-2010,1383263,99.16,97.28
Mathews,2009-2010,780303,82.13,80.57
Mecklenburg,2009-2010,3712330,114.92,112.74
Middlesex,2009-2010,863358,82.92,81.35
Montgomery,2009-2010,4591799,50.24,49.29
Nelson,2009-2010,2327927,150.01,147.17
NewKent,2009-2010,2215730,124.08,121.73
Northampton,2009-2010,1430405,106.90,104.88
Northumberland,2009-2010,1195643,89.22,87.53
Nottoway,2009-2010,1354160,85.20,83.59
Orange,2009-2010,4081393,120.45,118.17
Page,2009-2010,2001189,82.78,81.21
Patrick,2009-2010,2049672,105.28,103.29
Pittsylvania,2009-2010,6343189,101.15,99.23
Powhatan,2009-2010,3300854,117.44,115.22
PrinceEdward,2009-2010,2183488,101.54,99.62
PrinceGeorge,2009-2010,5060538,131.81,129.31
PrinceWilliam,2009-2010,44625000,115.33,113.15
Pulaski,2009-2010,2197559,64.32,63.10
Rappahannock,2009-2010,824944,116.74,114.54
Richmond,2009-2010,892836,91.13,89.41
Roanoke,2009-2010,6389261,68.71,67.41
Rockbridge,2009-2010,1917478,87.53,85.88
Rockingham,2009-2010,7687967,101.21,99.29
Russell,2009-2010,2477431,84.14,82.55
Scott,2009-2010,1605699,66.08,64.83
Shenandoah,2009-2010,4203899,101.21,99.30
Smyth,2009-2010,2208873,68.83,67.53
Southampton,2009-2010,2812726,151.06,148.20
Spotsylvania,2009-2010,17730822,145.56,142.81
Stafford,2009-2010,17895108,142.15,139.46
Surry,2009-2010,1225178,171.02,167.79
Sussex,2009-2010,1799859,147.35,144.56
Tazewell,2009-2010,3492959,78.43,76.94
Warren,2009-2010,2242178,61.48,60.31
Washington,2009-2010,4402042,80.86,79.33
Westmoreland,2009-2010,1706439,97.43,95.58
Wise,2009-2010,2749726,66.04,64.79
Wythe,2009-2010,2370656,84.58,82.98
York,2009-2010,6954101,105.42,103.43
Alexandria,2008-2009,7921022,55.88,75.00
Bedford,2008-2009,614056,100.94,135.46
Bristol,2008-2009,894033,50.24,67.43
BuenaVista,2008-2009,378447,57.75,77.50
Charlottesville,2008-2009,2742115,68.01,91.27
Chesapeake,2008-2009,25507742,115.97,155.63
ColonialHeights,2008-2009,752762,42.68,57.27
Covington,2008-2009,266055,44.66,59.94
Danville,2008-2009,2399261,53.04,71.18
Emporia,2008-2009,844205,144.04,193.30
Fairfax,2008-2009,1953966,79.10,106.16
FallsChurch,2008-2009,795050,67.89,91.11
Franklin,2008-2009,699706,83.67,112.29
Fredericksburg,2008-2009,1235605,53.95,72.40
Galax,2008-2009,413277,60.79,81.58
Hampton,2008-2009,13917485,96.15,129.03
Harrisonburg,2008-2009,2370160,50.54,67.83
Hopewell,2008-2009,866440,37.14,49.85
Lexington,2008-2009,-1,-1,-1
Lynchburg,2008-2009,4567924,63.12,84.70
Manassas,2008-2009,3675857,101.51,136.22
ManassasPark,2008-2009,1672095,119.21,159.98
Martinsville,2008-2009,1138416,76.71,102.94
NewportNews,2008-2009,17804548,97.51,130.86
Norfolk,2008-2009,10723310,45.10,60.53
Norton,2008-2009,224363,55.34,74.27
Petersburg,2008-2009,2101932,68.89,92.44
Poquoson,2008-2009,1035857,87.19,117.00
Portsmouth,2008-2009,6946233,70.79,95.00
Radford,2008-2009,432037,28.53,38.29
Richmond,2008-2009,10850729,54.77,73.51
Roanoke,2008-2009,8147957,87.33,117.19
Salem,2008-2009,1209757,48.08,64.52
Staunton,2008-2009,999189,42.57,57.12
Suffolk,2008-2009,9354940,112.70,151.25
VirginiaBeach,2008-2009,33347092,76.76,103.02
Waynesboro,2008-2009,851514,41.11,55.17
Williamsburg,2008-2009,488593,36.00,48.31
Winchester,2008-2009,1637538,62.07,83.30
Accomack,2008-2009,2962238,74.84,71.67
Albemarle,2008-2009,9291008,97.55,93.41
Alleghany,2008-2009,1992673,118.02,113.01
Amelia,2008-2009,1491831,113.47,108.66
Amherst,2008-2009,2706657,82.42,78.93
Appomattox,2008-2009,1354735,92.48,88.56
Arlington,2008-2009,13268509,62.58,59.92
Augusta,2008-2009,6439612,89.30,85.51
Bath,2008-2009,867119,182.73,174.99
Bedford,2008-2009,8135915,121.69,116.54
Bland,2008-2009,835185,117.28,112.31
Botetourt,2008-2009,3172575,95.27,91.24
Brunswick,2008-2009,1836905,99.27,95.06
Buchanan,2008-2009,2567822,104.42,99.99
Buckingham,2008-2009,2077848,123.58,118.34
Campbell,2008-2009,4343814,81.59,78.14
Caroline,2008-2009,2622382,92.84,88.91
Carroll,2008-2009,2474545,81.67,78.21
CharlesCity,2008-2009,794944,113.69,108.87
Charlotte,2008-2009,2097899,165.55,158.54
Chesterfield,2008-2009,29248379,95.09,91.06
Clarke,2008-2009,1062017,73.39,70.28
Craig,2008-2009,467027,89.63,85.83
Culpeper,2008-2009,4033413,84.14,80.57
Cumberland,2008-2009,1648200,164.90,157.91
Dickenson,2008-2009,2108864,127.97,122.55
Dinwiddie,2008-2009,2978998,109.48,104.84
Essex,2008-2009,1211065,110.07,105.40
Fairfax,2008-2009,108402650,104.59,100.16
Fauquier,2008-2009,8288422,122.42,117.24
Floyd,2008-2009,1688901,109.54,104.90
Fluvanna,2008-2009,2260696,84.82,81.23
Franklin,2008-2009,6349915,118.80,113.77
Frederick,2008-2009,7685695,102.01,97.69
Giles,2008-2009,1771518,106.41,101.90
Gloucester,2008-2009,4572903,124.78,119.49
Goochland,2008-2009,2947659,137.48,131.65
Grayson,2008-2009,1906897,117.40,112.42
Greene,2008-2009,1572841,86.84,83.16
Greensville,2008-2009,1218353,97.86,93.71
Halifax,2008-2009,5079928,140.79,134.82
Hanover,2008-2009,10535959,106.83,102.30
Henrico,2008-2009,24286186,81.91,78.44
Henry,2008-2009,4978138,92.54,88.62
Highland,2008-2009,214033,94.18,90.19
IsleofWight,2008-2009,3659353,104.62,100.19
JamesCity,2008-2009,6122951,96.13,92.05
King&Queen,2008-2009,1143753,171.34,164.08
KingGeorge,2008-2009,2645918,110.75,106.06
KingWilliam,2008-2009,1422106,87.87,84.15
Lancaster,2008-2009,1138936,96.60,92.51
Lee,2008-2009,2624671,102.55,98.20
Loudoun,2008-2009,52965892,177.67,170.14
Louisa,2008-2009,4026267,122.28,117.10
Lunenburg,2008-2009,1365402,102.91,98.55
Madison,2008-2009,1266692,90.80,86.95
Mathews,2008-2009,682778,71.86,68.82
Mecklenburg,2008-2009,3885605,120.28,115.19
Middlesex,2008-2009,870234,83.58,80.04
Montgomery,2008-2009,5222734,57.14,54.72
Nelson,2008-2009,2422392,156.10,149.48
NewKent,2008-2009,2149307,120.36,115.26
Northampton,2008-2009,1540037,115.10,110.22
Northumberland,2008-2009,1234153,92.09,88.19
Nottoway,2008-2009,1689506,106.30,101.80
Orange,2008-2009,3698619,109.15,104.53
Page,2008-2009,2099696,86.86,83.17
Patrick,2008-2009,2278490,117.03,112.07
Pittsylvania,2008-2009,7308141,116.53,111.59
Powhatan,2008-2009,3360807,119.58,114.51
PrinceEdward,2008-2009,1829421,85.07,81.47
PrinceGeorge,2008-2009,4723922,123.04,117.83
PrinceWilliam,2008-2009,46233000,119.49,114.42
Pulaski,2008-2009,2160147,63.22,60.54
Rappahannock,2008-2009,908051,128.51,123.06
Richmond,2008-2009,919260,93.83,89.85
Roanoke,2008-2009,5631188,60.56,57.99
Rockbridge,2008-2009,1809096,82.59,79.09
Rockingham,2008-2009,8168846,107.54,102.98
Russell,2008-2009,3010430,102.25,97.92
Scott,2008-2009,1548106,63.71,61.01
Shenandoah,2008-2009,4507021,108.51,103.91
Smyth,2008-2009,2321988,72.36,69.29
Southampton,2008-2009,2771539,148.85,142.54
Spotsylvania,2008-2009,16092228,132.11,126.51
Stafford,2008-2009,12422352,98.67,94.49
Surry,2008-2009,1395183,194.75,186.50
Sussex,2008-2009,1974758,161.67,154.82
Tazewell,2008-2009,3142583,70.56,67.57
Warren,2008-2009,2169557,59.49,56.96
Washington,2008-2009,4509259,82.82,79.32
Westmoreland,2008-2009,1780639,101.66,97.35
Wise,2008-2009,3895717,93.56,89.60
Wythe,2008-2009,2287643,81.62,78.16
York,2008-2009,7504962,113.77,108.95
Alexandria,2007-2008,7059452,51.17,69.89
Bedford,2007-2008,548915,86.37,117.96
Bristol,2007-2008,911349,52.26,71.38
BuenaVista,2007-2008,313801,48.16,65.78
Charlottesville,2007-2008,2298154,57.98,79.18
Chesapeake,2007-2008,24711116,114.07,155.80
ColonialHeights,2007-2008,656764,37.12,50.70
Covington,2007-2008,273899,46.26,63.18
Danville,2007-2008,2133797,47.26,64.54
Emporia,2007-2008,769844,138.32,188.91
Fairfax,2007-2008,1947011,81.17,110.86
FallsChurch,2007-2008,823772,72.27,98.70
Franklin,2007-2008,669010,80.68,110.18
Fredericksburg,2007-2008,1187517,52.68,71.94
Galax,2007-2008,403753,60.21,82.23
Hampton,2007-2008,10389818,72.05,98.40
Harrisonburg,2007-2008,2189192,47.98,65.52
Hopewell,2007-2008,821712,35.32,48.24
Lexington,2007-2008,-1,-1,-1
Lynchburg,2007-2008,4706597,66.54,90.88
Manassas,2007-2008,4451176,122.88,167.82
ManassasPark,2007-2008,1489095,105.98,144.75
Martinsville,2007-2008,1496336,103.96,141.99
NewportNews,2007-2008,17306648,95.63,130.60
Norfolk,2007-2008,10896170,46.35,63.30
Norton,2007-2008,169593,40.75,55.66
Petersburg,2007-2008,1837010,60.25,82.29
Poquoson,2007-2008,941575,79.85,109.06
Portsmouth,2007-2008,7110037,72.85,99.49
Radford,2007-2008,309029,19.83,27.08
Richmond,2007-2008,10623829,54.35,74.23
Roanoke,2007-2008,6531722,70.73,96.60
Salem,2007-2008,1324321,53.51,73.08
Staunton,2007-2008,1011064,43.77,59.78
Suffolk,2007-2008,11012732,134.45,183.63
VirginiaBeach,2007-2008,34298966,79.50,108.57
Waynesboro,2007-2008,1000940,48.56,66.32
Williamsburg,2007-2008,489513,36.66,50.06
Winchester,2007-2008,1520029,58.00,79.21
Accomack,2007-2008,2921308,74.97,70.15
Albemarle,2007-2008,8897689,94.99,88.89
Alleghany,2007-2008,1986612,118.28,110.69
Amelia,2007-2008,1361718,104.72,98.00
Amherst,2007-2008,2450691,75.78,70.91
Appomattox,2007-2008,1402526,97.31,91.06
Arlington,2007-2008,13061364,63.15,59.10
Augusta,2007-2008,5608287,78.34,73.31
Bath,2007-2008,822938,174.40,163.20
Bedford,2007-2008,7760907,117.10,109.58
Bland,2007-2008,743705,105.47,98.70
Botetourt,2007-2008,3216212,97.59,91.32
Brunswick,2007-2008,1868135,101.46,94.94
Buchanan,2007-2008,2544875,104.68,97.95
Buckingham,2007-2008,1786686,107.98,101.04
Campbell,2007-2008,4498674,85.53,80.04
Caroline,2007-2008,2568813,92.28,86.35
Carroll,2007-2008,2736668,90.85,85.01
CharlesCity,2007-2008,861554,124.72,116.71
Charlotte,2007-2008,1499433,120.40,112.67
Chesterfield,2007-2008,31766619,104.65,97.93
Clarke,2007-2008,1092521,75.17,70.34
Craig,2007-2008,363688,69.38,64.93
Culpeper,2007-2008,3806970,80.12,74.97
Cumberland,2007-2008,1507264,153.50,143.64
Dickenson,2007-2008,2151507,130.86,122.46
Dinwiddie,2007-2008,3064513,114.17,106.83
Essex,2007-2008,1374099,128.04,119.81
Fairfax,2007-2008,108518847,106.67,99.82
Fauquier,2007-2008,9815902,146.94,137.51
Floyd,2007-2008,1690566,112.00,104.81
Fluvanna,2007-2008,2140942,81.13,75.92
Franklin,2007-2008,6051621,114.52,107.17
Frederick,2007-2008,8197830,110.95,103.83
Giles,2007-2008,1748364,105.85,99.05
Gloucester,2007-2008,4428337,122.64,114.76
Goochland,2007-2008,2590825,123.94,115.98
Grayson,2007-2008,1680640,104.10,97.42
Greene,2007-2008,1414187,79.09,74.01
Greensville,,1157658,92.53,86.59
Halifax,2007-2008,5660289,157.44,147.33
Hanover,2007-2008,10111961,103.41,96.77
Henrico,2007-2008,25851303,88.60,82.91
Henry,2007-2008,4668960,86.67,81.11
Highland,2007-2008,271789,119.08,111.44
IsleofWight,2007-2008,3637948,105.84,99.04
JamesCity,2007-2008,5810530,93.36,87.37
King&Queen,2007-2008,1140735,164.49,153.92
KingGeorge,2007-2008,2685057,116.60,109.11
KingWilliam,2007-2008,1519882,96.41,90.22
Lancaster,2007-2008,1096645,93.30,87.31
Lee,2007-2008,2331397,92.11,86.19
Loudoun,2007-2008,52298615,181.79,170.11
Louisa,2007-2008,3647335,113.16,105.90
Lunenburg,2007-2008,1355154,102.99,96.37
Madison,2007-2008,1297972,93.84,87.81
Mathews,2007-2008,770162,81.77,76.52
Mecklenburg,2007-2008,3277658,101.84,95.30
Middlesex,2007-2008,981627,95.51,89.38
Montgomery,2007-2008,4878754,53.90,50.44
Nelson,2007-2008,2393317,153.66,143.79
NewKent,2007-2008,2184131,125.24,117.19
Northampton,2007-2008,1656622,124.99,116.96
Northumberland,2007-2008,1218999,92.13,86.21
Nottoway,2007-2008,1339654,86.36,80.82
Orange,2007-2008,3423954,103.43,96.79
Page,2007-2008,1999574,83.43,78.08
Patrick,2007-2008,2133072,111.03,103.90
Pittsylvania,2007-2008,6256908,100.51,94.05
Powhatan,2007-2008,3256098,118.19,110.60
PrinceEdward,2007-2008,1784402,82.98,77.65
PrinceGeorge,2007-2008,3885418,103.00,96.39
PrinceWilliam,2007-2008,50855000,134.21,125.59
Pulaski,2007-2008,2134110,62.05,58.07
Rappahannock,2007-2008,942354,136.08,127.34
Richmond,2007-2008,755255,77.27,72.31
Roanoke,2007-2008,6056410,66.41,62.15
Rockbridge,2007-2008,1941803,88.83,83.13
Rockingham,2007-2008,7800029,104.23,97.54
Russell,2007-2008,2952885,101.87,95.32
Scott,2007-2008,2013293,83.44,78.08
Shenandoah,2007-2008,4338026,105.16,98.41
Smyth,2007-2008,2192310,68.79,64.37
Southampton,2007-2008,2897263,150.42,140.76
Spotsylvania,2007-2008,16955772,140.58,131.55
Stafford,2007-2008,14731547,119.10,111.45
Surry,2007-2008,1168018,164.37,153.82
Sussex,2007-2008,1889525,156.71,146.64
Tazewell,2007-2008,3447716,77.97,72.97
Warren,2007-2008,2295825,63.59,59.51
Washington,2007-2008,5064598,95.16,89.05
Westmoreland,2007-2008,1532621,89.08,83.36
Wise,2007-2008,3438709,83.63,78.26
Wythe,2007-2008,2392573,85.67,80.17
York,2007-2008,6650169,103.06,96.44
Alexandria,2006-2007,7060339,51.64,74.04
Bedford,2006-2007,555236,90.86,130.28
Bristol,2006-2007,832944,47.89,68.67
BuenaVista,2006-2007,327843,50.04,71.75
Charlottesville,2006-2007,2597386,62.93,90.23
Chesapeake,2006-2007,22432580,103.58,148.52
ColonialHeights,2006-2007,729107,41.75,59.87
Covington,2006-2007,255354,43.54,62.43
Danville,2006-2007,2052422,45.22,64.84
Emporia,2006-2007,667786,119.44,171.26
Fairfax,2006-2007,1695726,73.04,104.74
FallsChurch,2006-2007,745313,66.07,94.74
Franklin,2006-2007,529613,62.30,89.33
Fredericksburg,2006-2007,1088287,48.98,70.23
Galax,2006-2007,392612,57.81,82.90
Hampton,2006-2007,10625499,72.85,104.45
Harrisonburg,2006-2007,1991563,44.55,63.87
Hopewell,2006-2007,851583,37.52,53.80
Lexington,2006-2007,-1,-1,-1
Lynchburg,2006-2007,4112219,58.97,84.55
Manassas,2006-2007,3559421,97.44,139.72
ManassasPark,2006-2007,1970612,141.26,202.55
Martinsville,2006-2007,888891,60.84,87.23
NewportNews,2006-2007,19824061,108.64,155.77
Norfolk,2006-2007,10416157,44.14,63.29
Norton,2006-2007,148434,39.38,56.47
Petersburg,2006-2007,1593198,50.44,72.32
Poquoson,2006-2007,877621,73.45,105.32
Portsmouth,2006-2007,5799707,58.85,84.39
Radford,2006-2007,377445,24.21,34.71
Richmond,2006-2007,11028144,56.47,80.97
Roanoke,2006-2007,7146215,76.43,109.59
Salem,2006-2007,1072488,42.83,61.41
Staunton,2006-2007,884857,38.58,55.32
Suffolk,2006-2007,8151912,100.38,143.93
VirginiaBeach,2006-2007,32095470,74.12,106.28
Waynesboro,2006-2007,1012002,49.60,71.11
Williamsburg,2006-2007,452422,34.16,48.98
Winchester,2006-2007,1706489,65.90,94.49
Accomack,2006-2007,2821951,72.47,73.15
Albemarle,2006-2007,10336062,110.43,111.47
Alleghany,2006-2007,1817469,105.91,106.91
Amelia,2006-2007,1225822,96.04,96.95
Amherst,2006-2007,2226763,67.62,68.25
Appomattox,2006-2007,1289732,88.68,89.52
Arlington,2006-2007,10666454,53.02,53.52
Augusta,2006-2007,5197866,73.47,74.16
Bath,2006-2007,819898,165.17,166.72
Bedford,2006-2007,7231194,108.81,109.83
Bland,2006-2007,759281,106.12,107.12
Botetourt,2006-2007,2375134,71.67,72.34
Brunswick,2006-2007,1861826,100.55,101.50
Buchanan,2006-2007,2479286,104.29,105.28
Buckingham,2006-2007,1619826,99.12,100.05
Campbell,2006-2007,4118553,79.03,79.78
Caroline,2006-2007,2513993,94.66,95.56
Carroll,2006-2007,2978958,98.47,99.40
CharlesCity,2006-2007,851352,120.40,121.53
Charlotte,2006-2007,1400638,110.32,111.36
Chesterfield,2006-2007,26564786,88.93,89.77
Clarke,2006-2007,1026075,72.39,73.07
Craig,2006-2007,441418,83.68,84.47
Culpeper,2006-2007,3578518,78.64,79.38
Cumberland,2006-2007,1115544,113.61,114.68
Dickenson,2006-2007,2275930,144.06,145.41
Dinwiddie,2006-2007,2707893,103.67,104.65
Essex,2006-2007,1095651,101.74,102.70
Fairfax,2006-2007,99471684,98.24,99.17
Fauquier,2006-2007,7740230,118.50,119.61
Floyd,2006-2007,1552892,102.79,103.75
Fluvanna,2006-2007,2166484,83.14,83.93
Franklin,2006-2007,5683749,108.88,109.90
Frederick,2006-2007,7543557,103.41,104.38
Giles,2006-2007,1606841,96.77,97.69
Gloucester,2006-2007,4127198,113.11,114.17
Goochland,2006-2007,2003413,98.01,98.94
Grayson,2006-2007,1572516,97.13,98.05
Greene,2006-2007,1223037,69.04,69.69
Greensville,2006-2007,1083095,89.82,90.66
Halifax,2006-2007,4383558,119.47,120.60
Hanover,2006-2007,7801972,79.96,80.72
Henrico,2006-2007,22162613,76.48,77.20
Henry,2006-2007,5166411,93.46,94.34
Highland,2006-2007,281363,118.02,119.13
IsleofWight,2006-2007,2916664,86.77,87.59
JamesCity,2006-2007,5231270,84.73,85.53
King&Queen,2006-2007,1084762,155.81,157.28
KingGeorge,2006-2007,2520445,113.51,114.58
KingWilliam,2006-2007,1351992,88.28,89.11
Lancaster,2006-2007,1014618,86.06,86.87
Lee,2006-2007,2409534,100.94,101.89
Loudoun,2006-2007,51296208,186.13,187.88
Louisa,2006-2007,3061582,98.20,99.12
Lunenburg,2006-2007,1269101,95.69,96.60
Madison,2006-2007,1251892,90.53,91.39
Mathews,2006-2007,735578,77.27,77.99
Mecklenburg,2006-2007,3312375,100.70,101.65
Middlesex,2006-2007,833342,81.02,81.78
Montgomery,2006-2007,4421558,49.77,50.24
Nelson,2006-2007,2297333,151.42,152.84
NewKent,2006-2007,1898805,111.12,112.17
Northampton,2006-2007,1363226,103.20,104.18
Northumberland,2006-2007,1222778,92.70,93.58
Nottoway,2006-2007,1252544,80.16,80.92
Orange,2006-2007,3498588,108.10,109.12
Page,2006-2007,1730733,70.90,71.57
Patrick,2006-2007,2771412,142.68,144.02
Pittsylvania,2006-2007,6491737,105.16,106.15
Powhatan,2006-2007,2995110,109.12,110.15
PrinceEdward,2006-2007,1823512,85.80,86.60
PrinceGeorge,2006-2007,3908044,106.64,107.64
PrinceWilliam,2006-2007,44899000,120.72,121.85
Pulaski,2006-2007,1925511,55.02,55.54
Rappahannock,2006-2007,875021,121.65,122.79
Richmond,2006-2007,844277,92.84,93.71
Roanoke,2006-2007,5653771,62.20,62.78
Rockbridge,2006-2007,1781543,80.65,81.41
Rockingham,2006-2007,7409128,99.91,100.85
Russell,2006-2007,2790882,96.92,97.83
Scott,2006-2007,1679614,70.34,71.00
Shenandoah,2006-2007,3524527,86.57,87.38
Smyth,2006-2007,2065352,64.06,64.66
Southampton,2006-2007,2536897,138.36,139.67
Spotsylvania,2006-2007,15747133,131.33,132.56
Stafford,2006-2007,13024682,108.19,109.21
Surry,2006-2007,896382,124.41,125.58
Sussex,2006-2007,1700029,139.86,141.18
Tazewell,2006-2007,3966844,92.26,93.13
Warren,2006-2007,2369720,66.14,66.76
Washington,2006-2007,4378681,82.66,83.44
Westmoreland,2006-2007,1732930,102.63,103.60
Wise,2006-2007,3051789,74.85,75.55
Wythe,2006-2007,2235998,80.38,81.14
York,2006-2007,6571712,104.01,104.99
